mfcc_1,mfcc_2,mfcc_3,mfcc_4,mfcc_5,mfcc_6,mfcc_7,mfcc_8,mfcc_9,mfcc_10,mfcc_11,mfcc_12,mfcc_13,zcr,spectral_centroid,label
-405.876,27.121643,-42.248203,-0.34693763,-33.40463,4.665828,-17.67811,2.77519,-8.65968,-9.6399555,-9.528886,2.925496,12.073723,0.24776656539351852,1334.3576799109298,belly_pain
-383.83685,38.426846,-19.573414,-8.295807,-19.08788,-19.339636,-16.69402,-14.29587,-14.658416,-14.466269,-15.466559,-7.020199,-10.439179,0.2068270596590909,1277.555414510229,belly_pain
-304.17505,41.778366,-26.645771,-17.834066,-29.084251,-16.714413,-19.668499,-15.114859,-17.234325,-9.661561,-10.691089,-6.565115,-10.446559,0.21482155539772727,1267.8073561914573,belly_pain
-252.53748,35.876537,-35.229088,-20.08747,-29.12103,-21.32464,-22.387121,-8.064095,-21.706665,-13.885673,-8.505555,-0.13246846,-0.6432789,0.23513849431818182,1305.5105906787464,belly_pain
-171.50912,41.75074,-15.136597,-21.78959,-37.2249,-26.083994,-20.842268,-14.546901,-14.98194,-10.887066,-10.158533,-4.34659,-6.5287557,0.20705344460227273,1243.4623192107572,belly_pain
-253.01282,12.286332,-23.774857,-21.095436,-25.712906,-8.21864,-15.896548,-3.54015,-15.873192,-9.256998,-9.103107,-4.8282194,-2.4533193,0.2911088423295455,1556.844218681627,belly_pain
-286.0677,35.968777,-8.508418,-21.856731,-26.968075,-26.799402,-24.4803,-19.03147,-16.21444,-14.595106,-7.191838,7.341651,5.7059665,0.18448597301136363,1212.3794470117252,belly_pain
-374.42975,62.808083,-15.663872,-15.977383,-25.642393,-19.057484,-22.404474,-15.5827,-8.043989,-8.955859,-9.613369,-3.2104414,-2.4101343,0.15779030539772726,1054.900436232908,belly_pain
-283.28036,18.541218,0.6882137,-34.2052,-21.65947,-24.454397,-19.108223,-14.698357,-15.293092,-8.801237,-2.7222602,9.429683,11.1241455,0.186767578125,1453.9699442535423,belly_pain
-119.30599,28.296003,-32.92665,-32.28137,-23.55989,-12.247208,-2.1667657,-4.8029947,-10.814645,-7.158372,-10.734648,-1.1721163,3.5531933,0.21594016335227273,1321.517706500265,belly_pain
-303.52203,28.625193,-41.923992,11.036194,-54.666355,25.682198,-11.0446005,-6.616596,-5.2556915,-9.44117,-14.112906,-2.9811766,1.63501,0.2983127170138889,1448.5291396024043,belly_pain
-303.28653,57.470528,-3.8972733,-3.62009,-22.772474,2.9935045,-11.351922,-14.612647,-28.033195,-2.375577,-10.980384,5.6036487,1.4248679,0.21223659690366972,1164.0769431481278,belly_pain
-239.97353,19.4606,-25.53391,-16.448624,-19.378607,-11.193516,-21.968483,-10.154884,-16.293877,-4.471654,-2.428524,6.2981977,-7.3843904,0.3201393821022727,1548.2515780459269,belly_pain
-251.53403,-11.821387,-54.32311,-6.636455,-14.840373,9.444463,-25.303534,3.604219,-15.694832,-6.6151752,-3.2696464,7.34761,4.9587646,0.38395334404205606,1680.9725112079582,belly_pain
-197.49162,-28.514471,-62.227493,-15.014234,-14.980996,16.25442,-28.146576,4.5471487,-16.77309,-11.457952,1.6232516,11.589241,4.9176793,0.4272232768691589,1769.1271598015198,belly_pain
-48.02418,-67.316086,-35.055515,1.9062964,-26.182196,15.687547,-39.663452,10.16119,-8.019355,-13.51321,-5.074637,3.268685,-3.4079924,0.5503614193925234,2190.910754009446,belly_pain
-78.347534,-62.096066,-29.125002,-16.699863,-8.410232,11.049842,-29.98773,4.1277885,-5.343027,-3.18253,-6.297068,-0.08937745,-5.571544,0.5007533482142857,2200.080193047902,burping
-244.29286,6.132693,-17.209028,12.804329,-22.700594,-5.8889422,-9.204925,-19.134638,-16.588556,0.8215068,10.024014,3.8618066,-15.538314,0.3253329190340909,1581.4904321050599,burping
-256.44208,39.807323,-26.929728,-1.7538068,-16.317904,-4.146806,-18.401936,-11.76209,-14.321112,-9.835013,-15.583281,-13.639264,-14.07064,0.2570090553977273,1340.2810821900594,burping
-170.44434,6.442545,-26.765911,-11.608747,-28.526161,1.1349232,-17.313753,-4.890041,-9.223733,0.5205566,-4.1497207,-1.4065117,-5.517352,0.31985529119318185,1623.6116298204508,burping
-97.71747,-22.162703,-46.88414,1.9965035,-11.737103,13.06422,-21.046947,-3.8994858,-13.175088,7.8447843,0.46236524,-0.59869814,-2.5645385,0.352294921875,1760.9556091876098,burping
-201.3835,5.318207,12.172521,-7.333105,-26.839668,-1.2787645,-21.329456,-4.102329,-20.66728,-9.50852,-12.1364,-4.9404616,-13.537626,0.36385387073863634,1843.5307696824211,burping
-58.632683,-29.323929,-24.942781,8.8116255,-51.68342,-8.687797,-18.074026,2.8014498,-22.756248,4.7813725,-10.288053,10.932061,1.3109875,0.3601951228762136,1783.0784421782146,burping
-442.1054,158.63174,4.9729843,-33.645473,5.647904,8.444315,-17.771973,-17.667423,-4.631528,-5.6500874,-8.754143,-8.0310135,-13.633992,0.03283629858193277,1087.6253848834622,burping
-281.9449,62.381832,-11.1101675,-23.756264,-27.092388,-25.375032,-17.007868,-16.801258,-16.20072,0.6485215,-5.8317456,3.414963,3.6910694,0.1163973721590909,922.2506383722201,burping
-222.222,96.93637,-72.38299,-51.313976,22.98774,-5.771955,-33.088142,7.6456175,20.221624,-12.60238,-17.242214,0.46916896,-0.7290244,0.14281290831881532,4069.9699105852183,burping
-221.73418,112.57967,-47.611504,-44.233,28.342854,11.994319,-34.14731,-22.033676,-2.1489878,-14.397254,-15.004395,2.5464604,-0.60599375,0.10721409574468085,3512.9790137593927,burping
-300.25674,74.95896,5.4526067,-21.962238,-6.895169,1.2164675,-9.336729,-14.765543,-7.5808578,-1.8599254,-3.3148081,-8.717424,-13.418962,0.17369025735294116,6005.218796141506,burping
-357.77075,199.31863,-106.863625,-66.25499,50.59131,-10.776818,-50.449825,16.622137,23.388199,-23.158716,-14.056423,4.4032607,-8.898605,0.10106486144381534,2288.713607040245,burping
-337.03043,189.9629,-74.14202,-61.94872,45.583965,11.223182,-47.141037,-18.053219,0.5952527,-22.037601,-13.329579,8.36495,-4.6108046,0.07234007923315602,1723.6044746107618,burping
-442.1054,158.63174,4.9729843,-33.645473,5.647904,8.444315,-17.771973,-17.667423,-4.631528,-5.6500874,-8.754143,-8.0310135,-13.633992,0.03283629858193277,1087.6253848834622,burping
-343.73166,171.7873,-98.767715,-64.01659,41.392414,-9.671184,-43.930347,16.217102,22.589035,-20.935907,-13.696765,4.768094,-7.257351,0.10111162190981894,2368.493129549947,burping
-311.4189,159.64076,-62.82037,-53.573887,40.165314,12.434448,-42.04929,-19.033766,0.8690614,-19.186258,-15.137907,6.1808567,-2.7768385,0.07302263408687944,1784.3763545245263,burping
-465.28217,146.19789,5.0003266,-32.28291,3.3930678,7.261208,-16.900187,-17.840881,-5.0165653,-4.5997047,-7.9722466,-8.325583,-13.529381,0.034769694010416664,1268.6731294545314,burping
-520.04895,177.07613,33.77988,-31.713182,-14.084843,5.4807444,-1.0606327,-8.862956,-9.486046,-9.518538,-6.1372023,-0.24569212,-0.2874094,0.022950860031512605,854.2758284025869,cold_hot
-545.5773,116.69817,36.24194,-8.437581,-6.36268,3.7117074,1.3243155,-4.166748,-6.0401235,-7.0042753,-5.6830096,0.25181386,5.654785,0.02352859112394958,1118.3155931805325,cold_hot
-443.67688,143.30122,26.923914,-29.369364,-15.913913,0.9005923,-8.872876,-21.265045,-18.388138,-8.831721,-3.4718184,-3.2650168,-4.365165,0.02638031775210084,938.0236948246753,cold_hot
-507.95737,142.3144,29.97999,-28.17673,-16.304518,7.2687073,8.063989,-1.5785885,-7.1643744,-8.701199,-6.3632274,-0.49718422,2.699428,0.028005186449579833,991.3430601028207,cold_hot
-433.7669,174.14354,31.630836,-35.67904,-17.696224,2.702553,-9.080272,-23.031519,-19.40205,-8.71847,-2.022689,-1.0916444,-3.5339112,0.025227317489495797,838.0615917618968,cold_hot
-423.2253,151.34344,-65.99117,-66.29349,18.097633,0.45656604,-33.44392,0.48360962,19.121042,-8.420572,-14.865613,3.2374177,4.269924,0.08234159825211865,1966.7603268986488,cold_hot
-341.67242,155.7601,-55.710026,-56.711735,17.145214,-7.5339875,-35.278397,4.4029984,16.757671,-15.703785,-15.2069645,6.7593102,-1.4457515,0.07242554986933798,1777.2828990057878,cold_hot
-92.71485,19.822573,-47.350857,-30.2452,-21.855501,-8.129131,-14.099007,-8.989731,-17.49273,-0.15256095,7.399752,7.6918774,-6.3981676,0.2116299715909091,1333.8404406617817,discomfort
-222.32118,47.698406,-14.204709,-16.141008,-16.002705,-6.5318084,-27.306599,-18.704126,-25.898952,-13.571668,-17.019886,-4.2399106,-11.713737,0.22901722301136362,1303.5100076344022,discomfort
-149.15672,-11.77067,-21.444878,-9.719736,-10.356515,3.5454593,-10.622265,-3.8730288,-8.362361,1.653179,-14.820685,3.0467858,8.083808,0.32208362926136364,1782.2516790514132,discomfort
-260.47357,21.546093,-14.384734,-13.504375,-25.668728,-4.7276983,-14.491759,-12.138601,-13.388698,-6.726487,-13.667649,-2.6921322,-3.685842,0.27453835227272727,1549.9565250095293,discomfort
-131.27971,21.20591,-34.534603,-33.75132,-33.04424,5.839946,-20.56489,-2.141417,-11.258945,-2.2738287,-4.568616,3.8439302,8.313219,0.25512251420454546,1411.446441989977,discomfort
-54.08689,2.1855164,-43.186142,-25.630796,-28.370182,9.276161,-20.421064,1.985294,-10.195064,2.7136414,-3.8361082,3.431432,10.172958,0.29535688920454545,1571.7404034694475,discomfort
-185.01836,28.312468,-7.688593,7.803136,-12.741518,2.0329652,-3.5759406,-19.994867,-14.438427,-12.596196,-11.326845,2.743262,-8.864108,0.2983975497159091,1497.4226753659605,discomfort
-151.327,39.309826,-45.87789,-12.443055,-37.649216,-6.565716,-3.2120378,-7.2742305,-0.08523705,2.608939,-13.056902,-4.674004,-11.347644,0.25424107142857144,1288.048938861496,discomfort
-78.56251,-9.548763,-70.95144,-1.1109016,-16.634151,8.628814,-21.436491,-6.688371,-0.062685676,-0.71813625,4.4430704,-5.9970803,-10.875304,0.2903134300595238,1508.1864174940868,discomfort
-345.5124,43.54517,-28.245403,-12.453754,-28.273027,-2.3870344,-13.473049,-10.933884,-14.185173,-12.75837,-13.955123,-12.456149,-14.469926,0.2364169034090909,1291.9911318177685,discomfort
-314.3143,36.19103,-5.270712,-0.38215056,-13.485688,-11.59917,-18.936613,-12.767104,-15.649129,-11.513749,-8.815037,-7.151433,-15.776742,0.24208540482954546,1374.3402737241174,discomfort
-150.8699,-19.797174,-5.59755,0.04922986,-9.170202,1.0863079,-15.891971,-2.95056,1.9549283,0.3212459,-9.142362,-3.4683235,-12.408079,0.4299538352272727,1995.5403632137172,discomfort
-222.48097,106.59268,-2.4459941,7.3579707,-19.878784,2.5730987,-10.899929,11.729693,-12.498249,3.451674,-14.0000925,0.6060936,-9.115725,0.11810076678240741,793.2134011510864,discomfort
-415.98914,82.61308,7.484904,3.945976,-27.08071,10.00117,-17.23117,-1.5277988,-12.131386,-5.606012,-5.523251,-6.887434,1.9449613,0.13522702838302753,980.669624643431,discomfort
-337.97208,121.296394,-52.74236,9.14703,-16.707531,-17.827263,-6.323812,-0.60578465,-7.763032,-12.792732,-16.207895,-0.76016086,6.273743,0.124267578125,776.7278954147214,discomfort
-422.9922,106.55255,-27.649382,6.959762,-11.017358,-13.697442,-10.692332,9.141493,0.74325234,-10.615111,-11.700104,-9.825087,-10.805084,0.12612123842592593,790.0507828214021,discomfort
-293.53226,100.38008,-58.37349,1.4561584,-40.30678,-22.655346,-5.2768917,-6.994253,-1.9810156,-6.643415,-18.037796,-5.967915,-0.43915045,0.1416558159722222,880.2148220728418,discomfort
-360.9741,101.4548,-54.19204,11.089274,-4.4152484,-16.562542,-9.532225,3.1050777,-5.8607264,-10.071422,-11.18338,-12.269047,-9.4360485,0.1499565972222222,860.2445069173896,discomfort
-256.92883,120.10927,-66.336,2.2776845,-42.997707,-23.339312,-2.3221672,-5.87948,-1.859375,-2.3754747,-16.826765,-4.750282,-5.760448,0.13676848234953703,825.9398925807415,discomfort
-38.72674,49.74856,-44.012558,14.89548,-16.704216,19.72048,-22.028612,-11.956495,-23.92637,-10.423434,-2.893789,1.6167991,-18.075085,0.2449066442087156,1263.507894114968,discomfort
-378.36722,135.6759,9.812181,-31.589457,-5.5004187,0.8102461,-14.633113,-9.845216,3.5301356,-1.7076707,-10.283233,-5.440693,-2.0444987,0.03747456013655462,1127.0969890073889,discomfort
-366.27283,-10.2150755,-20.344778,-10.367254,-15.470762,15.453105,-20.729942,1.0543193,-14.680024,-3.9932935,-9.939947,3.4260137,1.9442208,0.36734573929398145,1793.610076825852,discomfort
-173.24754,36.703716,-32.522823,-27.859995,-25.354383,7.2479315,-13.135077,-3.751036,-12.470634,-8.514729,-12.7565975,-5.494614,7.7498517,0.2098455255681818,1235.2583394818166,discomfort
-478.51837,54.53836,8.2154665,23.648825,-4.4514914,12.255854,-6.3228908,4.3901925,-6.464849,-2.1826324,-7.2766895,7.0466695,6.871451,0.22082633615654207,1182.958223343016,discomfort
-208.64082,-28.164581,-59.126392,-10.630728,-19.886158,18.04429,-23.957348,13.9511385,-15.480292,-11.093403,-3.4985397,1.6541508,-0.079786025,0.42738755841121495,1802.8001583542487,discomfort
-365.06467,50.198887,-34.642315,-12.219489,-29.308771,13.719562,-14.261922,-1.2303014,-16.36955,-10.587886,-14.062531,-1.6299185,2.7758808,0.2819983936915888,1254.9213561320473,discomfort
-524.1091,129.17982,-49.74535,-66.71274,4.210604,14.583403,-8.62312,-5.9564652,-4.1933184,-11.794425,-2.8325312,6.212702,-2.4385018,0.06489976353469899,1772.9101877594323,discomfort
-574.445,108.72024,5.6935415,-32.330936,-15.015528,-4.28046,-7.960825,-8.591348,-9.595037,-12.298751,-9.0751095,-4.9431596,-5.6573143,0.04195638020833333,1612.7016730283399,discomfort
-113.416,-17.937687,-52.24598,-23.484398,-14.858338,5.49474,-22.988176,4.239465,-28.165174,5.447281,-12.29732,7.0339804,6.8785353,0.36576450892857143,1741.473662240065,discomfort
-59.975834,8.526774,-77.171684,-30.404644,-20.899221,-8.395575,-14.5450735,1.7809168,-21.480793,5.2806253,-2.8726823,15.810467,-6.891157,0.31190614442567566,1434.889935312955,discomfort
-568.07404,44.37585,-9.3595085,-16.585304,-16.919514,0.035899844,-7.7623057,-7.1911836,-5.200638,-0.6672559,-6.5068645,-7.154637,-12.922104,0.25793345040137616,1381.1054685005229,hungry
-421.58905,65.185005,-10.155982,1.1647471,-24.647928,6.5616946,-14.611347,-5.1372323,-16.129526,-5.208024,-13.798791,-7.9408965,-11.587053,0.15193684895833334,1101.7948402331604,hungry
-111.77382,-28.867273,-44.031094,1.1935251,-29.171862,1.5890982,-27.777252,7.1126614,-18.914167,11.573475,-3.124803,-0.5283379,-14.791402,0.38470738962155965,1847.0646109850893,hungry
-85.8716,46.986645,-18.539175,-15.4550295,-8.548255,16.833778,-12.207057,-11.45216,-13.758394,-3.8836105,-7.5353737,3.8972886,-5.7911806,0.2273837002840909,1292.5272639036577,hungry
-217.73836,39.18606,-20.611656,-5.593525,-31.53847,-19.693436,-7.8657117,-19.034332,-3.0740268,-3.8962758,0.86422896,9.156704,3.8075922,0.15557084517045455,1068.5310169597071,hungry
-498.707,39.842335,-34.65554,-13.57863,-18.172167,-4.2290554,-0.042768527,-5.985447,-6.7001867,-5.311863,0.21681032,8.317623,-6.3383455,0.23532895688657407,1334.6951826549794,hungry
-54.608112,24.69056,-48.837154,11.910404,-12.630521,-24.40439,-24.099932,-2.0201578,-29.752092,-5.1753488,-4.9108076,-3.1610057,-7.4700546,0.26211743836009177,1341.895330653188,hungry
-290.27505,17.561771,-32.07176,-6.6785455,-12.532709,3.8815749,-12.692341,-10.515712,-13.647738,-8.567031,0.66795266,-6.858052,-1.2348046,0.28025568181818183,1409.5921256904837,hungry
-421.25623,49.38433,-23.930187,-3.3750427,-13.618712,-14.690062,-21.173567,-18.953577,-19.318228,-14.592787,-3.4142382,3.5471292,-4.8052673,0.21404918323863636,1177.8263939385556,hungry
-224.5101,6.5730176,-32.974365,4.975445,-19.934082,-22.37196,-7.99044,-11.202937,-10.256088,-1.9611421,-9.951294,0.56316596,-7.450586,0.3183016690340909,1568.981734825031,hungry
-264.5912,22.287003,-35.825718,8.184432,-16.776894,-23.723537,-3.813815,-9.401342,-10.922336,-0.30008802,-14.0297985,-4.9960046,-9.167677,0.2932794744318182,1469.7036638256498,hungry
-275.303,48.350506,-36.801533,-8.172365,-19.94388,-37.39098,-15.117804,-3.4526515,-17.25387,-5.2333055,-3.738939,-6.748587,-14.159425,0.203955078125,1135.534178074837,hungry
-303.32117,40.760044,-34.760426,-11.1804285,-27.8606,-32.314888,-14.862461,-5.5052423,-15.221962,-2.494498,-24.398708,-6.1555696,-7.622798,0.17657581676136364,1166.074587945675,hungry
-206.33893,2.7729197,-35.84962,-29.07547,-41.661404,8.216122,-36.988686,16.501274,-3.225633,7.9974995,-18.30208,-10.450032,-11.767008,0.320394640771028,1632.6171728704658,hungry
-301.10608,4.5097823,-9.844151,13.222093,-11.945166,-1.143264,-17.73961,-2.8037229,-14.761801,-3.4980853,-12.705673,-0.8847102,-2.6429589,0.2793013546444954,1559.6429414533475,hungry
-257.64978,14.235115,-7.489189,3.089426,-18.932709,2.086763,-9.908246,-15.064178,-13.424423,-3.344009,-11.690647,-5.079335,-4.4606814,0.28461421301605505,1519.380817080176,hungry
-192.19334,29.91781,-41.140472,-9.511506,-39.476105,-21.477516,8.396789,-9.060335,-8.7321825,0.8469473,-11.0273285,1.557606,-5.5137215,0.21720969460227274,1302.4402385745539,hungry
-171.41081,53.33875,-5.816722,23.653149,-4.3031106,16.753593,-6.5688553,-5.5826216,-5.43292,1.0529033,-4.4501963,-4.2755337,-10.55229,0.20513188073394495,1118.6893434872259,hungry
-91.08794,9.903333,-20.645699,-18.788605,-13.075439,5.252213,-14.05277,-5.209483,-17.00157,1.8825873,-4.88377,-0.10998806,-2.0858293,0.2364834872159091,1533.418553557702,hungry
-412.7343,9.399618,-14.175633,-23.909029,7.3073535,-6.627891,-1.7724205,0.072064765,-3.9539692,3.2905061,-12.427576,4.13516,-5.5370655,0.34536267201834864,1736.8988383367443,hungry
-135.13342,17.896523,-41.94091,-21.359533,-18.817884,-7.000164,-22.821325,-13.8763,-6.68124,6.5293827,8.369387,1.5767231,-14.740668,0.2506658380681818,1410.5064532424153,hungry
-66.18218,-11.319097,-17.508186,-30.85526,-23.461254,5.265229,-14.480108,-4.300076,-10.250406,6.574911,6.140374,1.2444144,-5.5036087,0.3907981178977273,1876.0015506013312,hungry
-72.38951,-30.483624,-7.615367,-15.688798,-11.276181,14.5991955,-15.990417,-6.8509793,-11.525843,2.4450362,-3.523451,5.9178624,-5.48124,0.478759765625,2128.2424537472016,hungry
-68.61107,-14.741002,-13.600172,-28.247068,-27.482733,2.4861557,-6.5517726,-5.5868096,-6.5335894,3.9086373,-1.4962796,-3.1147532,-3.930282,0.3940562855113636,1894.5178626577215,hungry
-131.26862,14.808275,-25.85306,-35.836002,-28.42323,5.5258803,-10.205299,-4.6369553,-15.752732,-0.5507723,-1.7425144,-2.5437865,-4.9788194,0.25781693892045454,1525.368808363236,hungry
-168.73361,15.788875,-10.16643,-16.660263,-16.367975,4.2317805,-25.543585,-11.638591,-13.677718,-14.051446,-15.581618,1.2314574,-8.51444,0.33272372159090907,1642.398773053343,hungry
-191.15724,2.9379976,-41.851505,-41.27454,-34.092644,29.853752,-40.19982,2.818902,-14.256218,23.240492,1.1856096,-2.5771012,-15.789771,0.2683150679976852,1574.8580413289453,hungry
-194.61491,51.809505,-85.66098,-39.015892,-33.081135,18.212215,-23.10499,-9.4039,-5.614903,22.373503,2.37637,-8.655537,-18.227144,0.21577962239583334,1066.8863934553497,hungry
-238.92372,74.55706,-61.093487,-26.048807,-24.48446,14.44392,-24.376293,-10.412311,-23.23928,7.201206,3.063728,2.4790144,-16.71304,0.19205277054398148,1009.1222539621094,hungry
-247.47044,26.539347,-22.456425,-3.1660311,-8.536094,-3.62367,-1.9528017,-8.475103,-17.532839,-1.816254,-17.88558,-5.0717444,-13.002414,0.24480202414772728,1464.6414452838987,hungry
-239.46434,79.92719,-33.104168,-32.595684,-28.143646,-15.184041,-13.798897,-8.001901,-17.772007,-7.196209,-13.920262,-9.52921,-7.8531656,0.16243182488207547,977.9485871563533,hungry
-178.60765,35.29051,-69.04634,-12.224836,-39.060745,2.9742196,-14.11301,-9.131919,-8.593372,-2.8529007,-3.611369,9.751242,-2.5458481,0.2801928038990826,1304.0288814303813,hungry
-201.47449,21.422428,-38.95195,10.842172,-41.97176,-7.4966426,-23.37494,-3.2870438,-18.933622,-2.9184601,-6.9122415,5.840132,0.63832486,0.27319111955275227,1451.0815970029662,hungry
-93.22133,40.60918,-34.635845,1.7911468,-41.344658,-1.8827105,-25.69844,-5.4082513,-24.789425,-0.013821346,-11.024873,-3.0530005,-8.266511,0.20534487123842593,1249.156718494545,hungry
-239.2871,49.405884,-20.093147,-13.879492,-32.526028,-7.1839943,-20.633959,-12.251873,-2.4286058,-0.09954356,17.02662,11.959795,-10.104671,0.14096860532407407,1035.9265421050816,hungry
-289.14532,52.79549,-37.858208,-24.868797,-24.11285,8.027871,-16.099878,-2.7952247,-19.74779,-2.3114245,-5.105325,2.8215065,-5.792457,0.1855096726190476,1069.1829606888132,hungry
-197.19225,36.58,-5.4680743,-3.1760836,-54.87087,11.17688,-41.520046,-2.7986739,-20.244202,-2.0496488,-14.625551,-4.145892,6.911251,0.1884223090277778,1314.7295499763454,hungry
-138.5234,-13.556657,-33.93682,-21.407629,-37.774734,1.9115707,-2.47232,-1.0958065,-6.015159,-3.6277761,-7.830197,8.105543,-1.637844,0.3408248336226852,1650.5543265556382,hungry
-144.44547,36.525974,-31.63467,-13.456294,-36.77137,-7.1697793,-4.466952,-13.047865,-0.22413142,1.1333876,1.1920072,-4.349113,-13.883168,0.2226878978587963,1278.6738917435825,hungry
-295.708,33.189068,4.910934,-9.0979185,-5.5010967,-10.853431,-11.984398,-13.449387,-8.6723585,-6.690667,-12.647394,-8.20383,-10.076532,0.2525012897995283,1505.645312259368,hungry
-205.38382,57.82416,-7.0965886,18.795912,-7.26594,4.8092933,-6.1145244,-15.549328,-18.875948,-20.048803,-21.04195,-6.2573166,-7.0606565,0.16388050426136364,1061.4871570629118,hungry
-264.41296,51.06784,-7.0527015,-9.037247,-31.094587,4.863528,-10.360303,-4.937426,-9.202977,-15.888888,-7.0488286,-1.8228303,-0.3417617,0.17450556024774774,1167.4417227256015,hungry
-422.72168,60.230537,10.297587,8.276474,-14.139594,-6.5093913,-10.994768,-4.1940355,-11.19138,-8.234506,-6.2605996,-9.442658,-11.5193,0.12563344594594594,1057.329982236141,hungry
-200.04768,20.917446,-51.211906,-11.727999,-36.40222,-10.32703,-4.2686114,4.8117247,2.071929,-2.9201334,-24.89604,-1.7068354,-7.3272643,0.2964816623263889,1436.7110505144085,hungry
-117.281044,15.364927,-48.151886,0.12311363,-25.603956,-15.1872,-4.6132298,-11.231356,-15.653316,3.1907022,-7.328303,-7.6131473,-13.601809,0.28074363425925924,1472.426532612211,hungry
-260.79407,75.57663,17.359339,35.623184,-8.388248,-10.413362,-7.7871475,-12.80245,-17.86863,-12.147555,-16.592648,-6.717522,-3.6305394,0.1309579271788991,870.4453216319429,hungry
-290.512,53.01798,-21.027208,-1.1337864,-21.526443,-9.114515,-14.599815,-7.643637,-11.283606,-11.471675,-10.521963,-7.8258476,-10.1705265,0.21632191051136362,1227.9258394116537,hungry
-287.54327,52.434093,-19.162188,-6.642354,-22.958559,-12.80249,-17.898502,-11.83625,-8.304462,-6.4885635,-5.704644,-6.1659007,-8.397406,0.21020951704545454,1210.480145435589,hungry
-273.30798,60.888546,-22.297134,-14.6492195,-21.548813,-13.53274,-10.025315,-9.328363,-8.551617,-11.756137,-7.333831,-6.593597,-6.4217653,0.21117276278409092,1131.8861757533414,hungry
-534.2437,44.024555,-10.588546,-2.2239387,-9.268876,-6.993633,-4.686703,-7.596812,-8.779247,-3.146651,-7.4635625,-3.7537963,-6.2260838,0.23050491898148148,1353.295255451661,hungry
-445.8567,25.041943,-14.574059,5.698798,-2.2685287,7.6354423,0.5211891,-0.023022924,-6.388359,-7.7145386,-5.6364107,0.8849525,-1.3516209,0.2126487241972477,1390.6407597716684,hungry
-120.90308,60.842983,-32.096367,16.834036,-17.219893,10.553119,-18.370453,-7.0381584,-20.157825,-2.8718855,-10.395699,0.15773393,-18.194445,0.18797019675925927,1137.7318879071465,hungry
-94.20412,60.163334,-17.363708,43.64124,-24.293287,8.910692,-16.86338,-3.695552,-7.7857914,-9.954681,-17.16671,-2.3254914,-13.1682625,0.24146864149305555,1182.3774970849408,hungry
-139.28723,6.711585,-23.66077,13.539495,-10.69906,13.793803,-7.849193,-0.49744296,-10.776862,-9.20179,-4.859009,-1.405676,-10.198703,0.33524946732954547,1496.3065401759743,hungry
-344.40604,55.765217,-22.641083,-4.6920466,-24.160307,-5.381071,-26.545525,-6.447043,-18.0797,-4.675411,-14.265742,-4.003353,-7.163796,0.19187661267201836,1216.284404009872,hungry
-285.2994,64.21564,-14.010735,-6.1401677,-1.2868605,-11.04912,-18.029684,-20.653252,-11.565888,-9.3106,-7.7515635,-7.4214277,-12.113995,0.15882131594036697,1072.0763188459002,hungry
-177.63885,36.55755,-34.35252,-8.5957575,-26.731106,-3.5245476,-3.3582182,-13.166041,-17.096935,-11.756528,-9.913955,-0.2707775,1.6385862,0.23073304902522937,1283.5499919661802,hungry
-248.2758,63.689407,-20.603848,-40.86121,-35.586174,-12.899975,-12.408736,-2.8097067,-16.8863,-2.278169,-5.24869,-2.467188,-4.6853914,0.1813458136792453,1088.27797516915,hungry
-459.4326,60.30146,-28.455206,-24.884737,-8.920174,1.6526409,-19.934042,-16.515717,-15.788539,-5.0487647,-3.7555983,0.8360605,-2.0689216,0.21347191220238096,1242.9954960116331,hungry
-465.9074,31.894424,-28.112803,-12.192541,-18.830803,-5.9234324,-13.583484,-7.703683,-20.447779,-6.067957,-11.114575,6.2338734,-0.7677099,0.28745814732142855,1439.0017236850167,hungry
-182.68982,44.68712,-17.232162,-11.652229,-40.89155,-17.61228,-24.069155,-22.646225,-24.129568,-14.406198,-10.472404,-6.4449844,-0.63413584,0.1736017400568182,1188.0236300771637,hungry
-470.9407,33.106293,-8.25263,-7.6034703,-4.53123,-8.48291,-18.700848,-13.661973,-17.62356,-11.147131,-11.375208,3.243306,-2.7856052,0.22040571732954545,1310.5427016143788,hungry
-99.536224,17.890518,-33.45944,-18.36566,-39.10766,2.9087439,-18.400154,-6.493578,-18.891033,2.9497037,-12.000465,9.299302,-2.4721293,0.27815448113207547,1470.3340861380277,hungry
-238.5792,93.46112,-39.853714,-12.074232,-25.811235,4.2120786,-15.976165,-12.969664,-19.073107,-11.518323,-10.56148,-6.906933,-7.168087,0.14324145047169812,894.7854722486029,hungry
-323.79587,100.9771,0.77450967,-3.3807135,-18.77939,-5.6812887,-19.716444,-5.714882,-19.748238,-8.886222,-13.283042,-9.776027,-13.677089,0.09397571491745282,776.7678975047397,hungry
-224.68414,47.726402,-38.750134,-24.27387,-17.967047,24.108091,-27.20856,0.5979125,-26.618511,-13.266092,-8.8610525,0.5451705,-2.2501607,0.19820994251179244,1225.0188175436524,hungry
-301.769,4.2159557,-14.924259,-2.3901591,-40.64984,16.142147,-30.195265,2.405719,-10.327954,-10.056946,-4.643311,-2.2544725,-0.4586147,0.355579304245283,1727.4884768761142,hungry
-202.22272,-27.144934,-41.903767,-12.540739,-9.839632,-9.657598,-0.40918547,-0.5256655,-12.978137,1.6336027,-2.5030932,-3.7772744,-6.9591618,0.3417117617545872,1721.836869924807,hungry
-242.8542,-5.900173,-25.174736,4.206916,-21.013077,-5.832354,-13.571583,-0.8359961,2.8910947,5.1453257,-12.695971,-8.824071,-4.987205,0.2852852299528302,1561.152100325226,hungry
-96.861755,-38.26058,-65.741714,-22.236671,-10.197051,5.1945148,-8.48398,-9.037044,-4.3764005,-2.7583745,-11.981045,5.937028,6.2465596,0.34156177662037035,1758.260304705885,hungry
-54.618645,-47.12536,-34.704483,1.7639002,-27.534557,3.801236,-3.0084198,13.840113,2.1164567,3.3216083,-2.9928663,-6.628363,-1.9359578,0.44952503551136364,1991.6685733888878,hungry
-324.7184,-2.3814478,-30.74229,30.982958,-18.73447,-11.914099,-3.1309803,-3.3544424,-10.855328,4.224708,-1.0083016,-2.1825287,-1.1555654,0.282150408543578,1440.7091490913083,hungry
-509.06555,42.115284,-46.194138,-6.4824595,3.6286237,4.1068845,-15.687748,-8.827646,-3.742195,1.608513,-4.847994,-6.1328115,-7.0602455,0.2176784939236111,1237.94705354196,hungry
-360.91064,26.471653,-19.330313,-9.666349,-27.262653,-13.13305,-23.888266,-7.122734,-12.211033,-11.538986,-4.7514343,-3.3505518,-2.5904949,0.26144353693181815,1402.054252067625,hungry
-182.84581,21.53864,-22.03221,-9.910848,-12.306509,0.44564486,-14.089627,-4.3331,-15.833875,-7.8899536,-11.313571,-4.111929,-13.26321,0.24377219460227273,1495.3583755476445,hungry
-269.10983,16.354092,-20.018797,-14.498588,-27.725874,-1.0552683,-21.018904,-3.2634306,-12.950023,-10.722054,-11.385049,4.0801587,3.344681,0.27225296585648145,1479.834095146252,hungry
-108.73915,1.2490904,-38.241478,-20.783285,-8.850807,10.215637,-5.1532226,1.1126153,-16.416124,0.6364141,3.022917,15.54619,9.887642,0.2998135653409091,1552.7984850537475,hungry
-56.292866,-0.9008352,-35.47965,-18.00416,-6.4726367,5.1405334,-11.096315,4.128499,-15.455951,2.6645722,4.8157253,14.645148,7.4252768,0.29789151278409093,1580.078408747763,hungry
-105.65974,33.812088,-16.650536,-5.314674,-40.810474,-10.466249,-19.370092,-1.6552808,-21.535181,2.39051,-14.101015,1.0604867,-4.6503835,0.25878002025462965,1404.296929209409,hungry
-184.83759,46.251514,-13.051041,12.512103,-29.510355,-17.659178,-25.638762,-6.531052,-20.3434,5.2323294,-16.77614,-4.123594,-10.155839,0.22156769638761467,1262.4299382648564,hungry
-237.55795,62.44012,-15.992792,-5.481061,-28.250992,-2.3068185,-20.346418,-1.2460462,-24.560274,-8.128975,-23.54803,0.5632338,-5.5268574,0.19040280963302753,1129.6057876608265,hungry
-148.51537,22.71276,-26.973442,1.2092773,-39.89041,4.636668,-28.479956,0.1366164,-21.48025,1.5315622,-8.342023,2.5095503,-10.499342,0.27453501290137616,1491.413871576513,hungry
-102.54033,-17.431644,-37.559105,5.87163,-35.679363,-7.5529504,-9.440982,-1.6476753,-25.320635,11.439439,-0.44150788,1.3332682,-15.578359,0.3792601419151376,1760.1709267632198,hungry
-154.744,-4.7660456,-45.074013,-16.512669,-33.786976,-1.5900856,-10.40262,4.609181,-24.034052,3.9878411,-1.7849287,10.878733,-6.0848384,0.33166391915137616,1615.2114993028258,hungry
-69.96097,-31.361351,-21.805319,-7.9868464,-59.831417,4.702424,-21.106176,15.193981,-26.896227,2.2974722,0.77449024,2.327596,1.2134959,0.4391519421728972,1958.6354305918526,hungry
-125.452194,-13.275861,-42.448296,-4.6922493,-29.343498,-7.889614,-23.478733,1.9175047,-23.190893,2.954511,-8.331694,11.612978,-2.9342754,0.38316062644675924,1747.4052791531535,hungry
-330.82828,32.88869,-7.466427,-7.523858,-29.49013,10.429112,-25.674637,-12.931184,-19.5148,-20.835262,-10.345391,-8.874149,-9.986422,0.2559881036931818,1398.7049507558213,hungry
-143.1417,42.077465,-30.983095,-19.521355,-18.945423,-17.708641,-10.135565,-7.0671215,-15.717591,-3.5138664,-8.691144,-7.0113463,-0.69075185,0.20517490146396397,1274.5426678607403,hungry
-146.2577,39.298897,-60.427963,-3.974969,-12.8225765,-21.760004,-10.118977,1.7533302,-24.677969,-8.184372,-3.1289787,21.937038,3.2296574,0.2612524634009009,1273.390558072349,hungry
-195.399,63.50055,-36.13098,-3.3519435,-6.1900406,-16.671116,-13.684116,1.0988355,-20.341972,-6.4210463,-6.8700194,11.950488,0.22737266,0.22800095016891891,1121.400330039125,hungry
-98.61485,140.83795,3.6772716,11.193492,-5.2975817,-3.3405402,-14.006888,-4.624687,-12.8566475,-10.612421,-9.167683,-8.628075,-11.213494,0.09052269345238095,612.7552590231397,hungry
-195.73416,18.95331,-2.111588,6.9268055,-11.980742,-18.021168,-14.2845125,-18.969322,-28.575848,-7.7104726,-9.935977,-5.330253,-6.9054756,0.3328924005681818,1652.2665899523606,hungry
-210.60922,25.554014,-2.089805,10.354154,-8.8500595,-19.011637,-14.66934,-16.424381,-30.00034,-9.683009,-7.913881,-1.2890517,-8.901746,0.28623490767045456,1544.8440719077228,hungry
-146.85204,25.042177,-2.9073627,-10.791649,9.4884205,3.0375767,-11.413097,-18.93213,-10.691784,-11.9043455,-13.171345,-7.4279647,-10.048229,0.26067180461711714,1549.6658105952474,hungry
-160.2047,37.322323,3.2903035,0.65497136,1.2720656,-9.684228,-15.956132,-15.805914,-16.418762,-14.678723,-11.869617,-14.969289,-8.632137,0.19179775478603603,1372.627767626078,hungry
-99.061424,32.992836,-0.017741166,-49.84845,-26.359041,-10.866685,-13.209895,-12.790759,-9.526728,0.844052,-4.902535,0.09691803,-6.3733315,0.18263038429054054,1402.694865457219,hungry
-55.34117,34.79491,-1.4706329,-16.314796,-0.8127874,-2.8006423,-17.560562,-12.476411,-14.5065775,-10.016485,-10.798267,-7.4317517,-13.209952,0.3049514358108108,1530.08100469314,hungry
-30.901796,-27.010872,7.8234963,-9.228694,-11.188976,-1.6519275,-9.149455,-16.17472,-13.439293,-3.9666932,-14.658507,-4.9446054,-5.2128825,0.47191283079954954,2119.503128130807,hungry
-38.665077,-27.946314,1.5450052,-18.21812,-10.308377,-4.854559,-4.9146338,-14.971491,-13.420478,-2.1023095,-16.753761,-5.9387994,-3.8639219,0.46274985923423423,2077.915772153905,hungry
-45.426598,-20.969425,9.90271,-24.937803,-5.8926167,-0.7335078,-10.566612,-17.745527,-6.036872,-12.237586,-13.877771,-1.301091,-6.422785,0.5288701787725225,2227.0021887857683,hungry
-14.803537,-3.8755512,-18.079586,-28.135468,-0.0041052327,-14.2057705,-4.0672774,-8.902561,-11.595418,-1.5477158,-12.561957,-2.594358,-3.5720668,0.4149730785472973,1945.156648847107,hungry
-281.46344,43.667545,-27.072727,-1.9835618,-14.784683,-9.888722,-17.735096,-5.3793974,-12.150367,-2.1593945,-11.638257,-0.19443466,-6.915416,0.2725973043355856,1376.8334268386086,hungry
-330.69745,33.715954,-37.008522,3.218693,-16.936178,-7.3188944,-13.12774,-8.529634,-13.5683365,-6.3075085,-9.852731,-2.2716062,-5.6419306,0.2981638865427928,1423.7333680213296,hungry
-503.95572,17.598951,-30.734306,15.44158,-25.52843,-0.35808554,-11.994961,-0.28756222,-9.699889,0.34011552,-12.343279,-0.38901183,-8.863437,0.33174971846846846,1527.718172023091,hungry
-331.3659,2.7568696,-23.818714,-4.446229,-9.398986,13.616599,-23.475883,-0.36979377,-9.931705,-7.3091197,-6.5877967,-5.52095,-11.596011,0.36040083858944955,1690.540738300529,hungry
-174.76422,-25.546764,-59.526726,-12.2594385,-26.018175,14.93656,-19.172457,-3.935008,-6.9970407,-10.163842,-3.4956262,9.063286,-13.125937,0.38176359953703703,1742.4921249685883,hungry
-338.1639,23.713568,-41.77916,-13.436163,-9.382618,0.11876707,-26.50123,-10.837323,-12.518392,-7.315373,-13.924626,-8.51716,-7.2799144,0.2517578125,1420.5046552430717,hungry
-399.8557,53.48868,-27.16852,-4.500464,-7.017306,-0.329647,-15.02798,-9.017436,-14.738559,-3.7580118,-10.835961,-5.6322327,-9.672186,0.21482993071933962,1222.8703001066779,hungry
-438.18893,45.64893,-18.507538,-5.546867,-4.9662013,-1.0346637,-15.623508,-3.427095,-13.648553,-0.61809283,-12.249285,-6.978552,-12.525101,0.22849259286556603,1288.8691144422842,hungry
-254.45355,-16.154316,-86.84183,9.888334,-27.3906,13.652716,-20.977903,7.4346147,-16.394236,0.6688256,-11.5557375,4.5770698,1.0975426,0.34281950176886794,1616.7106803461775,hungry
-303.0704,28.634151,-57.54857,-8.458921,-22.40505,7.6629586,-18.062218,7.836273,-8.632071,-1.1665851,-17.405941,-4.2335014,5.8667684,0.2299251916273585,1290.0198462665455,hungry
-340.68417,30.467274,-33.960754,-12.132354,4.591392,-9.283786,-20.571928,-10.817744,-12.122682,-5.776456,-10.5591345,-2.8179832,-5.6558065,0.2642311789772727,1401.8487327116884,hungry
-313.7537,15.479236,-35.6636,-11.47477,9.735763,-3.0251021,-18.677753,-10.499561,-14.622909,-2.9534967,-13.223898,0.8250096,-11.892365,0.27761896306818185,1501.407344183243,hungry
-314.77344,37.98888,-42.290928,-9.479274,-20.860626,-1.1674296,-14.581527,-7.6132746,-13.753547,0.6690963,-2.260669,-2.8235044,-1.5222216,0.23464217275943397,1288.9732813185317,hungry
-282.56424,37.64759,-19.706736,-27.216757,-30.260418,1.6078093,-26.203959,-7.003293,-14.973728,3.6410651,4.5120454,-4.4023,-8.460281,0.20833026238207547,1267.748677457508,hungry
-267.7812,16.661263,-31.6239,-9.488323,-34.510864,9.8623,-15.493475,-20.110952,-14.646792,-5.0343523,4.9210668,5.015163,0.1243476,0.2801091974431818,1385.5784170207953,hungry
-225.86597,-6.944291,-45.790745,10.1110115,-21.840408,-5.618544,-6.7836003,-8.16305,-19.217384,-5.667722,-12.39011,-0.45453742,6.135201,0.2772771661931818,1506.5110656239845,hungry
-204.25977,3.0692708,-42.769363,-6.6716943,-33.432785,-2.5679147,-4.8886757,-12.795924,-19.283417,0.7377014,5.316061,5.769585,-4.0915074,0.28454367897727273,1484.5691545782706,hungry
-179.20833,-18.889103,-43.855442,9.552859,-29.568146,-2.4633777,-4.3558683,-14.12918,-19.08477,13.476583,3.8663394,0.9096518,-7.439681,0.3578391335227273,1696.7373132209593,hungry
-136.15976,-32.622448,-5.1048265,-6.3596926,-28.020247,9.1685505,-9.548873,-2.3154292,-20.991522,1.3117675,3.2767107,7.2957892,-2.8757539,0.4188876065340909,2039.7792417919911,hungry
-381.42722,52.608494,-40.503937,-2.6409636,-36.2026,-8.732081,-15.787754,-7.48934,-14.500426,-2.2662091,-17.08517,-5.1757207,-4.1241345,0.2278781467013889,1246.263902816165,hungry
-202.29742,-10.48681,-52.694508,-8.111483,-37.38949,6.711576,-12.643949,0.30236748,-13.072696,-2.1337283,-2.896195,7.7617645,2.759013,0.3340963661123853,1615.9054440870013,hungry
-138.69339,16.96729,1.16842,-4.8309975,-37.6359,4.3209147,-23.073158,-0.7094571,-9.854197,-12.341565,-5.800192,-8.893031,-12.349201,0.23231090198863635,1474.4622744921865,hungry
-171.20856,28.71959,-6.713379,-10.417869,-30.528921,-6.9430037,-17.492191,-8.314367,6.285247,4.6348596,-3.3801053,-8.1245165,-16.006119,0.14702592329545455,1170.6020244574447,hungry
-605.7443,33.156807,-12.062987,-9.788774,-26.327492,0.73619664,-15.022779,-4.3262725,-7.557949,-5.222654,-3.9362416,0.85189885,6.0175724,0.23413538049768517,1394.7178648892989,hungry
-531.57086,40.178055,-45.594013,-6.512837,-37.211285,-2.5354724,-1.1441867,-7.2313137,-2.709054,1.9436035,-4.592958,2.7719254,-1.5820739,0.24577727141203703,1286.055432998829,hungry
-354.77087,24.732992,-57.497124,9.434033,-45.469948,4.923882,-15.472064,4.497366,-15.971941,-3.0250103,-7.14533,4.8143773,20.80282,0.2360161675347222,1321.919384544222,hungry
-494.8938,39.58316,-53.565506,-3.196844,-33.821285,0.47846562,-2.214928,-3.9612534,-9.328855,-8.11005,-11.615003,2.2512271,15.458637,0.22649016203703703,1242.1754282840386,hungry
-448.81555,4.1468825,-42.62043,-5.6772118,-31.951948,7.4160147,-12.813826,2.5832202,-6.22753,-2.3249514,-11.751113,-7.853347,1.5270456,0.2793104383680556,1521.5110277201475,hungry
-216.68422,36.823406,-27.86589,-4.7580733,-24.2871,4.750308,-1.9760361,-18.854645,-17.671186,-17.187586,-16.259085,-4.277873,-8.983901,0.21133256392045455,1227.6492932239307,hungry
-157.80243,30.647335,-23.198158,-1.0087252,-15.514036,8.732431,-12.276892,-17.99603,-19.899607,-5.3935184,0.47657478,-1.6178616,-11.436672,0.2600186434659091,1335.4259488532746,hungry
-177.91287,34.520344,-26.376055,-1.7784861,-18.878662,9.828902,-11.878125,-16.931602,-19.38826,-13.612041,-10.325128,-3.9222682,-7.183444,0.22842240767045455,1287.1932508779664,hungry
-110.69811,-17.118645,-24.079006,-20.500233,-17.277008,-1.8740528,-19.836477,1.4011225,3.2966654,-4.790479,-9.862483,-3.324355,-7.5805116,0.33140811011904764,1779.155358428373,hungry
-107.598236,19.415747,-49.76141,2.889321,-15.785401,7.1160235,-9.775923,5.261847,-11.09459,-4.0939045,-8.274166,-2.8112724,-3.493473,0.253341814793578,1424.1086604896323,hungry
-345.95,33.884594,-8.562349,-14.571549,-23.439068,-0.39207557,-21.392874,-3.08765,-17.787386,-6.7628655,-10.564942,-4.307451,-3.3586953,0.199560546875,1355.1922660230268,hungry
-223.16428,33.41622,-2.9503615,-37.521317,-37.78348,-9.679541,-13.896829,2.8612604,-14.497965,-10.035172,-14.7474575,-9.3240385,-11.477524,0.217236328125,1435.344505191038,hungry
-272.24893,22.769165,-34.89838,-20.04857,-19.25779,4.706095,-16.235613,-7.604241,-14.966498,2.7458558,3.6679287,-0.40395844,-9.315029,0.2789595170454545,1443.4273959367054,hungry
-409.96237,5.4272532,-28.201576,-0.08850435,-21.69504,-5.7491255,-11.756306,3.1579208,-5.650047,7.645981,-9.513953,2.8231516,-9.777512,0.3474778395432692,1640.4458076046224,hungry
-196.08046,39.571022,-3.3303332,2.1735487,-58.18521,-19.064219,-33.028652,1.5270504,-17.171326,7.3895802,2.7780993,3.790813,12.533504,0.14544509747706422,1090.7359712117054,hungry
-150.1087,77.17888,-41.31779,-9.365931,-40.015617,-11.122625,-26.457584,-1.1908175,-19.237179,-7.6055717,-11.548369,1.2042695,-6.4368567,0.1537100415711009,1003.645869414237,hungry
-138.93802,63.386124,-61.508183,-19.839,-34.744644,-15.266052,-23.815748,-2.5606546,14.291713,22.127918,0.7963488,-11.205068,-9.379255,0.15077039930555555,926.1065293113475,hungry
-313.7995,46.89345,-30.615988,-2.8737903,-27.650272,-8.203783,-15.906054,-12.80346,-13.925074,-4.864159,-18.656233,-0.36563146,-7.669338,0.22451978211009174,1253.7245345631654,hungry
-382.8672,34.919445,-23.632877,-11.251147,-18.293726,-6.622231,-23.722782,-23.691668,-16.430502,-8.267559,-4.5507827,0.14030622,-7.3599997,0.2181063565340909,1343.8360375803738,hungry
-429.41293,36.714798,-14.191538,-1.6704912,-22.478855,-9.120334,-27.395538,-19.638466,-16.96018,-9.71257,-8.4376,-7.0729227,-5.0369616,0.21818625710227274,1328.440163281465,hungry
-154.42233,60.619713,-35.985806,-19.457645,-37.732227,-23.321367,-13.056623,-4.1160965,4.7302814,14.696317,4.702322,-9.382898,-15.653919,0.1842261904761905,1010.7611247264779,hungry
-144.00978,33.2986,-30.030958,-22.989712,-32.864437,-6.701823,-14.07232,2.1977603,-2.1045756,2.0535605,-13.649567,-14.556307,-15.300657,0.2447228064903846,1351.7503972562486,hungry
-328.20416,68.08846,-18.731401,-17.814293,-37.09406,-3.852316,-29.929068,-1.7913862,-12.826933,4.6702056,-13.60937,-3.7629817,-12.556127,0.1554859302662037,1018.5483489622046,hungry
-197.15837,45.23257,-42.09739,6.0637126,-36.59,4.9473653,-23.011381,-5.4022837,-12.51216,4.2695937,-8.335296,-1.6067847,-8.691014,0.25094039351851855,1303.7053607949852,hungry
-225.20364,41.156975,-26.00848,-6.117345,-50.93143,-27.191814,-17.142172,-9.988017,-31.909857,4.305254,-6.493657,5.406503,13.083455,0.13987926136363638,1029.5066633858705,hungry
-208.16147,51.241356,-34.693714,-3.8120172,-43.13982,-41.96601,-18.300522,-6.8909903,-35.445534,4.894797,-5.3722763,1.5103548,9.033311,0.1390047940340909,969.7174224391005,hungry
-202.35515,26.257057,-30.480726,2.3516266,-19.888237,-8.526836,-13.373667,-17.583513,-12.882331,-6.246837,5.3923473,7.6091437,-9.14302,0.21559836647727273,1295.2191592363845,hungry
-107.30229,18.687305,-53.693886,4.454298,-30.212946,-5.6431694,-20.10135,-16.841217,-7.0567865,-11.238006,-9.57521,-3.0424101,2.1265914,0.23415389150943397,1360.0023387529443,hungry
-213.88786,38.948784,-49.80912,-15.305623,-24.61359,-9.813648,-12.8315525,-13.700346,-10.782438,-3.9731917,-8.908903,2.0130236,-3.721161,0.22438366008254718,1261.0982832103343,hungry
-379.5293,90.10634,-36.92674,-27.843397,-25.770958,-10.493474,-23.914124,-8.921984,-19.38061,-6.827423,-1.3719493,4.115181,-11.575335,0.1230609600360577,883.7572585780443,hungry
-239.51276,112.76688,-5.644378,-18.944061,-23.296812,-13.176486,-11.680142,-18.773106,-17.175737,-10.999552,-12.540831,-5.181182,-13.243793,0.10460865825688073,705.5210822766487,hungry
-287.50906,90.43171,-3.1146317,6.641024,-4.582213,-2.3851585,-15.150249,-5.3162823,-13.485116,-5.438988,-17.01812,-7.423264,-15.54459,0.08826243549311927,838.2262194606792,hungry
-308.32666,21.115902,3.567418,-10.147788,-5.708142,-1.7989234,-7.3564177,-4.5561523,-8.742697,-4.13726,-9.773774,-2.278796,-9.574077,0.2975559059633027,1614.4169772071264,hungry
-320.70956,1.5875632,-15.741408,-15.9979105,-13.529458,1.1925914,-12.137886,1.7711271,-9.9038105,4.0033097,-4.0430913,3.3875427,-5.4648676,0.27132758744266056,1615.443472480058,hungry
-185.37111,-8.212803,-23.383074,-20.957891,-33.979824,-1.0601559,-26.458008,4.091393,-4.697612,0.6417872,-3.59101,6.5965714,2.2407048,0.3167601419151376,1663.964797703528,hungry
-482.6852,45.460915,-20.879202,5.9831166,-24.959496,11.832148,-8.733741,-6.775941,-18.417538,-8.88699,-7.243786,-6.0508585,-7.264385,0.21300365306712962,1300.2813574241243,hungry
-490.31024,39.00987,-32.258812,5.357431,-20.383286,3.045764,-8.875369,-9.206095,-9.431412,-7.3887134,-6.224694,-3.9449244,-10.782998,0.22761969610091742,1336.0243983122448,hungry
-311.25494,26.850782,-74.8455,-3.5383503,-37.343285,21.946775,-12.946566,-7.3473763,-6.880249,-9.430753,-4.9482136,-3.8428822,-9.312538,0.29136055762614677,1386.0893466618334,hungry
-424.58728,71.85747,-33.154022,-4.846247,-21.08556,-9.071236,-7.8712068,-1.178055,-15.06454,-4.0615377,-11.1148205,-7.971895,-11.902217,0.1727837456597222,1060.4654745426046,hungry
-84.140465,-20.709646,-12.925393,3.636145,-9.022889,-6.333856,-14.586782,-6.8929195,-7.5923066,2.1516693,-2.627811,10.712717,11.20367,0.36953125,1926.2263507044825,hungry
-163.24266,5.249957,-4.44552,-15.590099,-18.867699,-13.763389,-2.22597,-2.4776664,-16.88325,-13.036648,-4.438922,-0.17486508,1.9251924,0.3475497159090909,1735.0730955547822,hungry
-104.57975,-7.524966,-0.76141185,-18.098545,-20.557253,-11.442708,-1.842947,-1.8005219,-21.637026,-7.7636547,2.3902135,15.586317,10.113114,0.34956498579545453,1806.3605447433722,hungry
-134.79556,-7.649623,-24.602459,-10.71519,-1.0179356,1.7567873,-12.468967,-1.2594806,-10.389201,0.40272662,-6.3160734,-1.8910017,0.92247874,0.3867054332386364,1821.6438052980714,hungry
-93.1312,-3.6384752,-26.809837,-4.5138354,-13.545045,0.5887561,0.6606107,-13.177557,-8.805734,-1.9408067,-10.926071,-0.3330724,-0.62117344,0.36535866477272727,1792.4969057773176,hungry
-150.67445,21.7266,-45.074226,-4.251896,-40.340153,-4.049808,-0.7028866,-0.12459892,-30.421618,11.512842,-14.972847,-23.62509,-0.09074917,0.28060200058411217,1393.3200686677794,hungry
-201.13463,36.825382,-19.521,20.949617,-7.898082,-12.740418,-14.653634,11.353843,-36.05788,15.907104,-22.799015,-4.2883205,-7.9657793,0.2884568434495192,1440.6124933105737,hungry
-205.1081,-2.844398,-30.64473,-2.8468053,-19.532959,-4.366571,-16.905659,-7.955998,-7.016224,-5.44259,-9.763516,6.302364,1.9992582,0.34526811079545455,1674.6325146047695,hungry
-168.10255,17.950876,-32.97244,-16.766481,-8.83745,-9.5858345,-19.245945,-14.904493,-13.352093,3.556596,-1.334392,0.44750884,-12.126459,0.2604048295454545,1482.6818869313604,hungry
-232.68199,33.33182,-42.204445,-17.909382,-24.477293,-5.6389127,-19.658424,-12.674752,-17.384745,-3.7181396,-8.076764,-4.758033,-10.414396,0.22743696732954546,1326.696926595747,hungry
-149.32681,11.837775,-42.337006,-6.996166,-13.5760975,-6.3489013,-11.747402,-14.072585,-5.995607,5.927765,-4.503774,-9.151822,-4.9370413,0.2946644176136364,1545.9024991775348,hungry
-202.13646,112.62352,-0.33201155,-0.55647606,-22.548971,5.4905114,-11.565686,5.7928343,-18.706604,4.243029,-13.254212,1.9006052,-6.6236625,0.11885579427083333,790.9976829161616,hungry
-109.62277,18.314583,-36.583473,-3.1446047,-38.28081,-7.6825476,-14.075534,-17.494406,-5.2563353,12.74326,10.055804,7.2704396,-22.199055,0.25532181766055045,1423.38356271921,hungry
-114.573326,23.118076,-62.047775,7.7084765,-35.355366,-5.536773,-11.175718,-0.894062,-19.8117,2.985866,-4.7693415,-0.42162904,3.1331728,0.26547717173165136,1371.1368333214496,hungry
-245.58443,9.71044,-36.27256,-11.443157,-18.989538,3.031304,-32.29414,-1.6033714,-9.182183,7.031752,2.6522348,-11.115043,1.4835929,0.28465021306818183,1498.4270810675212,hungry
-410.85556,46.24001,-10.46998,-5.892804,-15.497193,-11.711425,-23.498938,-12.768632,-13.778734,-6.802423,-14.231,-14.329665,-16.73,0.19513050426136364,1275.1232271459107,hungry
-286.04523,16.827404,-31.567764,-0.1901298,-16.840775,-9.351311,-22.226875,-18.879183,0.3239597,3.6885035,-11.833799,-7.3311906,-8.022856,0.27574573863636365,1468.5973699481287,hungry
-213.91098,18.520163,-48.964638,-21.60409,-19.2077,0.2688152,-31.783796,-4.6984487,-3.0399165,19.359276,-1.6968918,-10.114135,-10.007793,0.25197088068181817,1353.5300475686715,hungry
-287.26526,24.375515,-17.916597,-8.057553,-26.596241,-4.895061,-8.911371,-2.006605,-13.988211,-10.51431,-7.5718923,-9.394132,-2.1048512,0.2617276278409091,1406.7869706150518,hungry
-151.68362,50.021328,-53.494095,-22.93801,-3.991635,-15.547599,-22.22569,-5.1453,-12.400753,-7.816897,-16.089195,-0.53378147,-11.340767,0.2318452380952381,1241.7398798193346,hungry
-454.67508,63.031433,-36.268593,-2.4962916,-22.292967,-16.851585,1.0521216,-9.295284,-11.145173,-8.173199,-11.453261,-3.5573518,9.117668,0.20915178571428572,1143.6485723380392,hungry
-301.49026,15.4445095,-37.75732,-2.37635,-17.089113,-12.163563,-15.084277,-3.3736358,-15.75839,-5.0057144,-2.9970639,3.1862721,-2.062805,0.27866654829545456,1509.9175653176144,hungry
-240.03151,23.332914,-44.776775,-25.620562,-30.551838,-4.113854,-16.947908,-13.380607,-2.8376162,-6.062264,3.224532,-4.048384,-8.174867,0.28200905539772725,1448.897713987428,hungry
-234.20291,23.077679,-39.793648,-20.199749,-14.674392,-1.0253992,-13.60721,-2.6420474,-10.217834,-7.305858,3.8589292,2.4344041,-3.3916082,0.2609064275568182,1395.125706920248,hungry
-317.6473,23.449373,-44.579906,-22.590391,-16.172716,-2.514872,-15.361159,0.121802606,-15.026227,-3.1645494,-4.548743,-1.4235283,0.2699616,0.31586470170454545,1476.951740423985,hungry
-446.5071,15.9435005,-23.246367,9.006152,-7.185447,-5.492722,-1.9656324,-5.7154818,-5.64269,-5.2477827,-5.1524973,-5.997975,-1.4344898,0.30294552364864863,1550.0930240813873,hungry
-147.48361,60.189873,-21.445555,0.0016823848,-12.741269,12.963851,-15.058042,0.85761017,-16.63802,-4.9325676,-7.009142,-4.7880883,-8.421323,0.18180803571428572,1036.0682119500311,hungry
-410.97806,53.982296,13.679959,2.9368355,-7.9657216,-5.5823727,-9.889611,-11.654111,-12.474791,-10.054315,-10.478146,-7.7631826,-10.261816,0.18661303038990826,1143.1433889727498,hungry
-261.86252,23.829329,-49.50639,12.556618,-41.679806,1.4949172,-33.232685,-5.5205374,-15.361421,-2.6011186,-6.354074,3.7255948,-6.547071,0.2570845992476852,1431.9758986398695,hungry
-146.30441,-53.40366,-31.02908,-1.600754,-39.626797,1.3756684,-16.420053,-0.002128647,-11.66973,9.059919,-17.731384,12.981132,-4.7141166,0.41537503583715596,1989.3942899217473,hungry
-121.22697,-45.254745,-24.229261,-17.27676,-38.118477,6.554995,-18.465065,-2.596193,-8.59893,4.642988,-10.640323,8.088398,-6.8557367,0.4088929902522936,1995.0212507921792,hungry
-487.91425,95.01755,-28.980106,-20.65141,1.8918191,-9.08212,-10.333635,-10.423557,-28.082165,-2.2013779,3.4731605,17.074001,-4.7559557,0.18340112528669725,905.9484917358022,hungry
-108.17661,18.554348,-22.427235,-15.38503,-9.853867,12.487046,-19.690596,-2.9037983,-18.157637,-6.152157,2.2534482,7.7861342,-1.7795341,0.26663263494318185,1446.6933197126082,hungry
-214.63141,-19.513626,-26.613983,-0.17363468,-17.496384,5.747113,-23.367905,7.1376653,-5.035216,17.70382,10.449689,-3.9230213,-12.180842,0.3418323863636364,1718.879590238162,hungry
-139.93985,63.975117,-5.1856017,-0.90602845,-25.486088,-8.0899105,-13.550851,-5.997361,-11.620017,-7.3260627,-8.715796,-3.189482,-4.9581594,0.18889446086711711,1160.0398187438047,hungry
-121.220665,61.21294,-33.834267,5.481431,-34.54692,-9.965248,-6.890236,-8.294577,-12.328329,-9.747138,-9.274765,-4.3547606,-2.6290932,0.18813344594594594,1145.9975848509578,hungry
-155.07747,86.04031,-13.910516,-10.575509,-22.584803,-6.7773895,-12.463402,-8.84518,-12.617705,-7.978329,-9.344179,-6.11993,-6.6222506,0.14808558558558557,976.2119996390691,hungry
-481.67557,37.549408,-49.22273,-34.994576,-18.472343,0.086122766,-10.780422,-19.43624,-15.173611,-3.1788554,-11.652925,11.274188,5.619485,0.2194179318985849,1301.3224712513036,hungry
-139.72105,31.059149,-21.495245,-7.32171,-29.985554,20.960348,-37.921757,-0.67933047,-21.910223,-10.2330065,-12.445877,-9.443513,-17.11325,0.2928836367545872,1461.3346229760164,hungry
-108.81853,21.962492,-42.854973,-14.469696,-26.468124,18.94705,-38.138336,3.6796212,-22.038347,-2.231438,-19.23219,-7.8015575,-12.926181,0.34105325401376146,1566.7530689237287,hungry
-400.13443,29.989925,-12.164766,-8.082112,2.6226585,13.354232,-13.367184,-4.6119485,-8.411047,0.10001538,-9.2093725,-7.196852,-4.713375,0.2605625368514151,1488.9166378156933,hungry
-419.7016,37.1068,-22.240963,-7.9850545,-15.901051,-9.782829,-10.83649,-17.426512,-15.009584,-8.493671,-16.266253,-8.578234,-5.8766713,0.21582475142045454,1277.055629418683,hungry
-175.48659,-43.38273,-44.96003,-14.106217,-8.3603325,0.23972458,-7.0683236,-7.607859,-15.586898,7.737658,-0.48830503,-0.71185815,-13.587736,0.42807711087740385,1952.743250953675,hungry
-419.08658,24.254766,-49.007065,-10.666181,-30.45244,-2.4065633,5.1658893,-3.327001,-7.0264797,-5.647214,-9.845301,4.553639,4.4609437,0.3010679472477064,1464.468437486977,hungry
-291.912,30.285198,-53.864986,-28.826775,-20.478598,-5.335493,-1.8805918,-6.637433,-14.099684,-7.1302695,-19.053867,4.2348485,11.910502,0.24307894925458715,1284.774044839801,hungry
-379.4047,46.05187,-7.8036847,-11.194367,-4.2260647,-8.230709,-16.38802,-3.541749,-13.26586,-3.543123,-7.4259644,-5.347266,-10.809094,0.20298549107142858,1264.762407731807,hungry
-315.7553,44.32551,-16.020035,-21.565632,-18.445017,-8.826842,-17.656895,-2.0999987,-21.447796,-0.18439037,-4.5427103,-1.7148244,-4.0459332,0.22718098958333333,1324.6674415385583,hungry
-313.87808,79.11378,-73.43749,-2.5461807,-31.4892,0.67843294,-23.214155,-12.250773,-13.397345,-13.386103,2.2493913,11.305995,5.9581423,0.18870442708333332,1054.6733734748466,hungry
-366.06448,63.354523,-9.478194,-4.559528,-10.949013,-16.601973,-17.419168,-2.2746015,-16.995134,-4.2728057,-10.7467575,-5.0378,-12.453689,0.16474340596330275,1122.0506646459976,hungry
-399.41342,67.94906,-24.892824,-10.703459,-18.842234,-15.975349,-3.1519022,-1.9305885,-14.955201,-6.6877923,-12.28491,-10.486502,-8.965223,0.17938736381880735,1079.2750562140307,hungry
-530.6662,36.033764,3.9784806,5.1435657,-8.847031,-5.64969,-10.088673,-6.918763,-11.039,-5.4918404,-9.163253,-4.6207647,-7.986084,0.2368567230504587,1446.7679230482674,hungry
-436.1928,46.00466,-2.461993,-1.2330683,-8.337323,-1.3417095,-9.618657,-6.3190026,-10.930752,-2.5295753,-8.52004,-3.3815994,-8.973004,0.20721939506880735,1323.3619930786442,hungry
-316.94598,39.41802,2.6702774,-25.790848,-39.463646,-16.24358,-1.1389303,-6.1352344,-11.4653015,2.369243,-8.392544,7.654029,2.3149855,0.21125555475917432,1258.7755750701024,hungry
-360.91672,32.77732,-3.9794364,-10.333799,-27.91225,-5.0264335,-3.0669463,-5.994511,-6.1750083,2.4754186,-12.629258,1.2127913,-7.9432383,0.2558548953555046,1441.0949377780878,hungry
-345.76025,56.086235,-9.08055,-23.013748,-44.379063,-15.17346,-0.38960448,-10.828732,-7.9706645,0.9750313,-5.322387,7.676071,-2.5764933,0.18694004443807338,1128.3130053025052,hungry
-325.20126,18.309736,-6.9978404,-17.483456,-10.452561,10.902074,-14.360838,-7.9472775,-17.91519,-4.95695,-13.353908,-2.4237692,-10.790889,0.30519817947247707,1631.5259929475064,hungry
-220.23775,-28.927534,-46.037895,-8.618153,-10.506639,-15.690025,0.22328094,-4.7468367,-4.7367816,5.3911457,-13.907134,4.0628667,-9.590282,0.3705965094610092,1790.0611361066974,hungry
-266.78918,11.222229,-55.731655,2.715039,-14.746415,-16.810476,4.9860363,-1.8773339,-17.595873,-12.141561,-13.286583,3.2735064,1.3611585,0.31912286931818185,1493.1445887493292,hungry
-236.07799,10.606513,-65.21986,4.8806896,-12.272519,-11.123089,0.6806054,-6.7988267,-15.60024,-6.889697,-12.619954,-3.5742085,5.885446,0.31020063920454544,1432.7895109941041,hungry
-117.66516,-24.182066,-28.43875,6.525368,2.8729417,-21.341839,4.8485174,7.2284513,-21.740913,0.15001187,-1.9168998,6.7948723,5.1013527,0.3822576349431818,1838.8497668966402,hungry
-230.19795,34.060837,-29.687458,7.354503,-13.136859,8.965,-7.954913,-6.8874288,-9.406521,-2.0079405,-8.636633,2.0194817,1.7821251,0.2542825401376147,1382.334753090407,hungry
-62.879475,33.076874,-54.433235,-30.891415,-37.9641,11.814892,-20.980156,-8.215094,-9.310018,8.838443,-10.148424,1.4421865,-8.315841,0.22236772017045456,1253.9212726844285,hungry
-113.835304,36.915974,-49.566097,11.232866,-28.420883,5.477336,-13.847568,-4.392952,-2.3534951,-1.0957093,-2.2230575,-0.65909207,-7.921062,0.22086434994103774,1269.8770883851912,hungry
-206.73747,83.65435,-5.6611185,10.81531,-16.637148,0.28606975,-7.0498147,-1.8383256,-12.150426,-11.211406,-12.565613,-8.161517,-6.13828,0.13072578862028303,855.0747702025197,hungry
-240.65358,42.35746,-22.280283,-9.973089,-40.40162,-16.807364,-20.295269,-16.997126,-13.989494,-7.963227,-5.387821,3.7516823,4.875202,0.15077681107954546,1078.7926000132427,hungry
-205.15135,58.43255,-68.499916,-25.734953,-11.585753,-6.047976,-3.4306312,0.246755,-13.372952,-3.391894,-4.0019174,6.004555,-0.71332556,0.20271963443396226,1128.09040000509,hungry
-237.5854,38.5935,-38.695114,-10.721639,-10.70708,-12.137082,-21.8849,-14.44524,-18.429605,-13.020088,-16.347883,-11.67184,-9.256538,0.2349520596590909,1306.238701982459,hungry
-392.61948,110.318275,-21.005383,22.261507,-24.516258,-11.290178,0.41838384,-4.3338017,-5.428482,-7.282127,-11.895716,-5.521591,-0.5286166,0.1161159939236111,773.2292478314017,hungry
-556.56573,71.86591,3.2610438,16.36491,2.9687312,-1.0998493,-6.2058225,-2.8004391,-8.095659,-8.1274,-7.7240043,-5.2797914,-6.390388,0.12074110243055555,1002.191639237686,hungry
-259.1594,87.10367,-62.149532,-6.557788,-42.10074,1.4563489,-15.972845,-1.724267,-12.366996,-16.425985,-8.88081,-7.931617,-0.6315284,0.1687599464699074,982.5573800009404,hungry
-194.27608,50.31994,-76.23216,11.885619,-50.74786,2.6565313,-17.567616,-1.0344261,-14.9747,-12.631146,-11.966893,0.26923183,9.254176,0.2494212962962963,1216.8097754424973,hungry
-435.05853,39.34918,8.022187,-12.386595,1.9005922,-7.1934,-4.6545644,-3.6608083,-6.467505,-3.668009,-9.201806,-11.242335,-7.5098405,0.26591417627427183,1502.2218857436876,hungry
-254.42651,30.718958,-37.727493,-16.558054,-42.97297,18.793978,-9.468042,-19.045712,-10.654702,-13.97597,7.282075,12.95935,3.8280213,0.2378782994538835,1299.7590062224956,hungry
-172.75208,59.334908,6.6764793,-1.6163023,-20.576887,9.389295,-8.542549,-21.055466,-15.847324,-17.659906,-19.12821,-4.180043,-4.4745393,0.18263938210227273,1103.7271912709386,hungry
-208.77594,79.49685,5.4632506,-13.363941,-26.241104,-6.450744,-17.630857,-13.482863,-15.062532,-3.9243803,-4.966935,-4.611992,-15.284886,0.15153586647727274,905.2031052717412,hungry
-228.37128,52.17082,-7.292243,0.22164877,-15.508531,3.6933477,-9.478484,-11.381625,-11.777588,-14.255819,-15.015505,-7.4848456,-0.67886007,0.1802734375,1135.8787993030724,hungry
-169.64409,101.55677,3.6308677,9.86926,-22.053614,-12.955514,-16.667482,-15.381014,-18.705622,-14.41399,-17.887388,-12.37839,-14.756382,0.13501420454545454,792.461600922597,hungry
-121.12005,56.0422,-15.581668,2.3256054,-22.672644,-1.6651797,-7.493282,-7.8390856,-18.410429,-18.69344,-7.2946706,1.230179,-2.3631158,0.22310901988636364,1177.967419419945,hungry
-251.98428,54.962658,-46.981358,-16.003412,-54.85277,-5.227824,4.8263493,-4.9178505,-6.3115854,1.1021248,-7.1332293,5.851708,1.5301809,0.19253064076834864,1077.3826745649633,hungry
-237.90605,36.274277,-68.08554,-9.137961,-31.664371,-8.461486,-6.6107793,-4.8270884,-20.244453,6.5195384,-10.33754,15.205303,13.561144,0.25318054759174313,1258.325034518764,hungry
-359.81516,31.852354,-29.150347,-6.728131,-20.442484,9.822998,-12.818651,-15.172182,-13.898224,-4.387712,-2.1998267,2.7402139,-2.4282415,0.23924885321100917,1319.5579963487307,hungry
-221.56062,36.69092,-48.68054,-25.72506,-35.813942,7.4831758,-10.590482,1.9915152,-16.861773,-6.2868023,-6.237959,13.580254,9.093325,0.2000564435206422,1152.2201279377455,hungry
-276.61258,48.625618,-1.5560881,3.8058505,-17.483347,-12.31284,-20.783487,-17.112822,-19.741518,-13.841459,-14.335949,-11.83545,-15.309554,0.1833096590909091,1224.2476938414268,hungry
-259.02383,65.37238,-4.3073425,16.933672,-17.635387,-5.962348,-18.458542,-20.49535,-19.415089,-15.577444,-15.056802,-13.272776,-15.198403,0.148291015625,1024.089802061589,hungry
-265.53064,58.91681,3.8326173,8.76611,-17.324898,-11.376889,-21.15718,-10.117864,-19.141129,-9.033364,-14.805628,-9.923834,-10.648482,0.17887073863636363,1137.7633500410004,hungry
-243.7464,69.77662,-6.7791,8.303889,-4.7510166,-9.188598,-20.207392,-13.657234,-16.246477,-12.978735,-18.50707,-16.636362,-10.893509,0.14417613636363635,1006.2133425488693,hungry
-120.876114,53.881466,-25.933672,16.30948,-17.61217,13.545575,-29.292164,-7.447063,-22.944496,-11.067784,-10.218414,1.3994535,-3.951209,0.25675003616898145,1233.8126012348116,hungry
-164.49663,62.427963,-28.554228,5.95865,-11.641697,13.597128,-20.676401,-10.00298,-21.537186,-12.485754,-11.938758,4.807299,-11.185481,0.20636378297018348,1093.6024136752203,hungry
-96.83255,4.193571,-68.916466,-29.483015,-8.049562,19.058893,-17.24406,0.4434238,-11.509702,0.9653545,-9.321763,-0.31435528,-6.717439,0.3044142416857798,1505.3190520105427,hungry
-231.90318,14.410459,-24.289858,-21.320984,-29.52566,5.5479665,-19.905764,-4.3537626,-13.995145,-5.842605,-4.456973,-0.35058478,-0.3362977,0.2992178540711009,1556.63634302361,hungry
-94.47696,36.605965,-24.812439,1.8080726,-22.265276,-13.96763,-10.083592,-3.029905,-17.708582,-9.8777075,-16.891413,3.2757947,-1.5758387,0.24044939793577982,1286.6064214785752,hungry
-130.37704,-33.92257,-28.492,5.1708727,-21.166088,23.070452,-27.173855,15.510462,-10.727496,6.206511,6.171673,-2.8273613,-4.009605,0.5111905184659091,2022.4231792241985,hungry
-460.10785,23.139708,1.0732117,7.5673304,-0.57274765,-2.5620275,-13.519235,-5.332528,-4.828666,-0.54633564,-4.7741866,-2.489964,-6.0506563,0.19736680039414414,1378.907618353549,hungry
-402.2809,51.67967,-5.943516,-6.9627247,-20.788355,7.4441867,-22.015665,-8.393088,-5.3077087,-5.8832307,-4.4397755,-5.77806,-5.5548077,0.18284776475694445,1173.2148957869415,hungry
-456.0889,59.140476,-35.470165,-11.19649,-27.915497,-6.4178762,-5.290367,-4.392407,-3.7840235,-2.8485296,-6.462515,-2.9215877,-6.846584,0.21321315940366972,1136.7523382512059,hungry
-406.7194,47.34909,-52.511482,-8.327981,-15.887108,-0.0351018,-16.983175,-1.6112204,-4.1329527,-2.0476904,-9.03481,-9.543659,-7.2757425,0.22281901041666666,1202.6662751160513,hungry
-468.17953,52.458378,-35.393074,-11.242042,-12.371284,-7.4282985,-5.488491,-1.4802246,-7.1884956,-1.5916257,-3.0437853,-5.5372705,-5.1388235,0.21037688078703703,1192.9164781382635,hungry
-183.02809,-37.752987,-43.518913,8.031429,-16.671247,-1.4338665,-12.446668,-2.3777113,-6.334036,4.714881,-12.198851,1.027005,-6.385622,0.34398742115825687,1777.4989384131898,hungry
-265.48074,-4.1306386,-35.34372,-13.924544,-20.5178,-10.948705,-10.627759,-1.5804771,-20.426397,2.8421872,-10.398507,8.582554,0.10816361,0.2930353338068182,1536.0140504331466,hungry
-169.77579,34.447887,-60.266182,5.445865,-45.77617,5.2463326,-18.711618,-8.225344,-11.126021,-12.682253,-18.301998,-3.7482874,-11.453621,0.2827284071180556,1379.5048499967058,hungry
-253.41728,48.94534,-14.830045,21.416128,-24.97375,-1.5465993,-21.46209,-0.48772487,-3.9990032,-0.12620816,-5.3575377,-2.5220397,-10.533612,0.22744498996559634,1296.821146081065,hungry
-194.10782,43.110523,-31.661953,13.059992,-26.78604,23.871008,-11.594831,-4.650374,-1.3589431,-4.018877,2.0224986,0.22744979,-7.7898355,0.2602180690940367,1303.843773159903,hungry
-143.07083,-10.11468,0.80157,-22.392488,-37.378178,-9.362843,-15.22755,-18.460535,2.6991482,17.718502,6.0348425,5.8765817,-20.10394,0.32102028383027525,1736.949472290926,hungry
-213.5802,-5.76295,-29.76165,-28.942059,-9.430807,16.810696,-25.891043,-18.909414,-6.0002737,9.856135,-12.77396,-5.2691746,-7.844495,0.3443093039772727,1742.8840105323798,hungry
-413.971,11.476852,-27.491062,-5.2865624,-3.9228516,-5.445428,-11.66361,-13.24323,-17.124565,-10.916795,-22.156113,-7.987526,-15.300186,0.31532759232954544,1611.7539737414902,hungry
-461.10913,41.938015,-2.769569,3.483919,1.3862746,5.147842,-19.124008,2.5499392,-10.473344,-8.671051,-11.590876,2.1485991,-4.4764867,0.18345359519675927,1263.0126496708895,hungry
-241.87021,-15.60658,-2.2664216,-38.094,-14.056715,17.704847,-46.20436,1.0134901,-13.991113,-5.104416,-13.30019,9.367541,3.6461868,0.4727828414351852,2073.314690301724,hungry
-186.99817,23.33149,-30.192005,-5.731656,-14.742616,21.708069,-9.593472,-4.2792134,-13.246226,-7.1638246,-7.313163,-10.021656,-7.0434127,0.27388098480504586,1452.6498940575739,hungry
-82.600136,18.559155,-29.014275,-6.244193,-58.704258,-16.563383,-18.661629,5.570425,-3.935763,0.3961914,-9.351053,3.4712758,-9.653732,0.2548684512867647,1382.0125396969058,hungry
-298.77493,39.90204,4.7810698,11.399715,-16.1957,-0.85784924,-14.861498,-2.493176,-19.506052,-0.46273443,-12.23591,4.292829,-6.335077,0.2641691155389908,1429.904749803185,hungry
-266.72452,23.211588,2.8756578,-11.700006,-37.560158,-18.903776,-4.7965264,-21.151472,-7.400498,-8.445719,-10.645858,4.599171,-6.933738,0.1802645596590909,1276.148717276618,hungry
-65.52605,-29.635513,-25.714556,1.002084,-20.33114,16.502787,-18.362143,-0.631006,-6.239936,2.040751,-4.1559377,5.9687886,-11.598473,0.41930042613636365,1943.1974232731595,hungry
-265.29736,50.214996,-20.866243,3.830242,-9.63579,-1.9070675,-19.611034,-11.898368,-19.35315,-10.65642,-14.394751,-5.0155053,-14.777195,0.1909002130681818,1229.6854927756451,hungry
-282.50052,52.938396,-12.577805,5.4138093,-22.256895,-11.728545,-20.26496,-16.75863,-22.914984,-15.00651,-15.6954775,-5.009905,-12.649283,0.199609375,1225.5036069852847,hungry
-209.61441,25.356705,-20.680677,-5.4390016,-5.011286,-6.024842,-19.207726,-9.627598,-15.135397,-7.325966,-11.378924,-0.8833075,-6.9647083,0.26069779829545453,1499.593583424165,hungry
-328.38312,43.96851,-10.466748,-2.3992717,-23.965023,-10.962338,-15.166153,-15.022811,-16.454664,-10.652146,-13.667723,-8.96494,-11.816896,0.20108753551136363,1313.1128472433481,hungry
-299.504,28.541069,-62.454655,-8.753819,-20.249924,-6.704104,-8.93563,-11.336071,-10.790089,-8.13338,-4.168166,10.19795,-2.0596545,0.2751553622159091,1311.5855093190412,hungry
-27.347094,4.041765,-60.01095,-38.595387,-22.231724,-0.6851024,-10.393599,-0.7215145,-15.941022,2.57484,-9.696316,6.094296,-1.8884243,0.2707228354357798,1429.0019403673364,hungry
-386.31042,104.466415,26.478243,-7.2181215,4.56586,2.6881323,-4.6408,-1.1327238,-5.9495907,-0.6177256,-9.140339,-0.315071,-8.828166,0.09491644965277778,758.9310201809304,hungry
-423.01605,54.318054,11.352718,-11.222251,-30.262444,0.24076588,-16.096813,-11.19447,-11.203547,-10.013571,0.048597973,5.169737,5.3196173,0.13539209905660377,934.1790793957534,hungry
-281.1119,59.96941,-25.08559,-15.848513,-27.971924,-11.22723,9.009636,6.6720314,-0.3733904,-6.327063,-29.527674,-7.7087884,-10.478683,0.1752837558962264,935.3124187785372,hungry
-138.37894,45.25921,-68.7937,-4.9224396,-19.209688,-7.6315637,-7.134746,-16.873684,-12.570138,-9.737879,-15.366275,-5.8003244,-9.228013,0.22640904017857144,1217.0766610470564,hungry
-177.99344,44.74528,-12.028001,-9.327969,-30.11327,-29.895393,-6.3831205,-14.25857,-12.3005,-3.6430175,-10.783373,-6.0886383,-4.813111,0.1969215029761905,1248.804899518043,hungry
-156.01428,16.552248,-37.403805,-9.167056,-23.89564,-8.902288,-10.053699,-6.911863,-11.58503,-4.962829,-11.383336,-7.3036757,-2.599899,0.3208612351190476,1488.7505936450548,hungry
-215.46544,7.6703815,-46.503777,-2.5016072,-28.098116,14.341431,-19.011318,-10.545592,-11.641647,-10.717041,6.9576397,5.386941,-6.292335,0.30334808629587157,1508.400428788787,hungry
-247.75331,51.91313,0.37511286,-3.3768911,-21.26112,-0.71471053,-10.106522,-6.6135335,-17.155308,-3.1413002,-14.052694,-7.056017,-13.248448,0.18796064268867924,1217.779111083203,hungry
-493.88965,55.584652,-32.77757,16.802853,-22.891645,-9.7995615,-16.140503,-13.428068,-13.411583,-7.7061796,-4.490832,-6.4106016,-7.981136,0.23192455150462962,1214.7926122465806,hungry
-660.5762,67.71464,25.580801,11.608269,1.5515141,2.2943323,-1.4453096,-4.3446236,-2.4969862,-5.344858,-3.7739637,-3.498946,-8.13972,0.11949779369212964,1023.6026580423136,hungry
-209.42328,-18.737936,-5.1198277,-10.558531,-50.262444,31.8204,-33.547512,-0.40124992,-17.77672,-2.0319705,-0.6362338,14.026655,-0.6878178,0.4280418113425926,1969.76951530137,hungry
-229.2122,25.028528,-7.2584324,-4.5604954,-28.815914,-14.393147,-9.932815,-14.363377,-13.991257,-10.788674,-16.21547,-5.1284676,-12.316279,0.29915660511363634,1490.9397173283987,hungry
-244.97246,18.153343,-19.274939,-5.139064,-39.12902,-12.32153,-16.320501,-7.5840445,-4.437943,-10.015166,-14.675829,5.2430186,-5.943259,0.28808149857954546,1512.98660649011,hungry
-163.86479,30.716515,-35.62312,-19.857069,-22.454777,-14.727857,-20.748808,-13.005493,-15.48473,-9.261427,-11.293884,-0.5004045,1.1853095,0.2080477627840909,1295.979773760402,hungry
-228.57379,33.652977,-23.395567,-17.267899,-27.039202,-12.7616415,-19.495594,-15.906663,-24.952599,-10.080147,-17.379852,-0.6447124,0.5051351,0.2170587713068182,1298.1084315991811,hungry
-315.1007,-5.37013,-28.68243,-13.96779,-15.598742,-10.436013,-0.6695272,4.9028068,-0.2520314,4.459173,-7.424853,-7.2385383,-4.6588855,0.3760563777043269,1738.9929308734381,hungry
-219.82014,51.179718,-18.216568,-6.8769345,-22.836111,-17.857796,-14.003162,-11.518878,-13.731244,-5.2413583,-4.8062224,-1.4995035,-6.653089,0.1577056308962264,1081.7864585310665,hungry
-206.44374,13.188116,-46.24683,-4.684094,-32.704906,6.3161445,-26.349342,-7.4527555,-13.392155,-11.398691,-1.3092753,9.537188,5.775804,0.27314729510613206,1371.1891464130483,hungry
-319.58575,44.050144,1.3727527,1.7057623,-38.187492,-5.9323597,-15.904303,-12.65088,-12.723753,-9.539226,-5.6548324,-5.115209,-4.329453,0.1706036261792453,1091.300532434842,hungry
-250.98836,18.827394,-42.000004,-9.648727,-22.403574,-5.741214,-19.937622,-5.0801773,-14.867239,-3.8119793,-2.3538074,-0.07446362,1.5259166,0.24766454156839623,1332.519395023427,hungry
-208.59642,24.608934,-27.511616,-14.199917,-40.759632,-13.524831,-10.342212,-4.410856,-12.1094265,-6.9803743,-3.8081121,-0.8831148,5.7082596,0.20619748673349056,1283.3174829450063,hungry
-219.71599,27.020725,-22.63814,-4.450904,-26.923203,-10.361595,-2.553144,-11.917593,-12.987612,-1.5920012,-13.6227865,13.510565,1.726743,0.22910064121462265,1317.1734045507887,hungry
-307.00732,26.99255,-25.89326,-14.769231,-33.440926,8.037576,-16.27065,-11.908387,-1.5856911,14.818309,6.4562106,0.13815357,-19.921007,0.2091778449292453,1280.268032332959,hungry
-285.99377,15.500306,-35.233063,-10.219305,-26.940506,-13.004415,-5.276809,-11.308115,-14.372256,-12.229583,-16.29458,-1.7967274,1.9537289,0.3048961292613636,1504.2433336728939,hungry
-268.2576,68.00896,-69.35783,-10.732468,-3.1856856,1.8521338,-9.090029,-16.965187,-13.8025055,0.7852782,-18.622196,-7.950212,-6.388154,0.21179311209862386,1050.1014788781883,hungry
-124.177895,15.97196,-9.418772,19.77135,-32.74597,5.7323084,-34.567375,-9.8965225,-17.124071,-9.442438,-13.936598,-3.0706224,-6.2261157,0.33609428755733944,1600.4286683904643,hungry
-71.666214,-21.563559,-22.295193,-6.5667715,-32.713352,14.995367,-34.420815,3.1016097,-18.380724,-3.1178708,-15.92781,-2.3735213,5.204307,0.42182978877314814,1919.4547157286952,hungry
-250.94066,59.05692,0.7629949,2.3774624,-16.494005,16.712212,-15.688108,4.207553,-8.888153,-3.8930798,-11.780872,-16.500923,-14.39212,0.17804347047018348,1186.180789364514,hungry
-204.78813,18.380877,-39.378044,-16.22947,-1.8419098,-7.5524163,-26.850218,-4.7277727,-17.51507,-4.7104936,-7.4845457,1.2927622,-5.1093965,0.2700861150568182,1503.0662758403132,hungry
-321.08914,67.16081,-6.0017533,-10.214604,-13.624334,0.21871929,-15.94842,-22.617258,-29.191994,-16.354376,-18.21163,-2.9412313,-4.083515,0.1369806463068182,1038.26662533907,hungry
-159.1526,-20.654877,-19.52146,6.4882603,-0.7641791,-4.377949,-6.9876156,-6.299191,-24.29285,-2.8761566,-11.716547,7.751227,3.5182662,0.3441805752840909,1800.4740988778,hungry
-242.82216,73.024895,-68.85609,-51.298584,-19.367908,6.55494,-26.777462,-4.083862,-13.423244,-5.615942,-8.750651,20.56282,17.490562,0.21850133825231483,1001.6750669341741,hungry
-143.09111,61.095886,-87.34529,-58.16295,-15.07705,12.799079,-35.335163,7.706317,-14.226304,3.3435004,5.653374,15.031887,0.42767373,0.21727171731651376,1070.3203326878217,hungry
-258.58588,5.904296,-30.721188,-7.7824483,-21.248083,-4.4929934,-23.522968,-17.159456,-5.2716146,3.4630146,-2.2962525,-7.696865,-4.002911,0.29293767755681815,1548.7975488477641,hungry
-341.56766,13.508373,-26.249895,-17.217201,-17.602955,2.5378745,-12.61289,-8.382109,-7.711558,-4.881598,1.745977,2.8738701,-4.379034,0.2998934659090909,1569.790805160878,hungry
-191.68237,-20.032438,-63.07747,3.7301435,-36.641727,16.500296,5.4337406,-1.0163641,-5.591126,-6.846744,-12.7484045,3.189105,-4.4082594,0.3708584872159091,1702.362820141428,hungry
-232.46439,7.395469,-63.71869,-2.53554,-31.92484,9.51065,-2.1758726,-5.0808196,-5.216439,-6.362552,-10.7441,-0.20189308,-5.646486,0.2867587002840909,1484.661332945861,hungry
-276.1684,65.08892,-10.763285,5.5589466,-12.213553,-5.250149,-14.057666,2.1805706,-9.561967,-0.991418,-2.5370255,-3.2125735,-8.214546,0.198201117114486,1023.9477070074854,hungry
-203.11479,-26.18573,-64.468445,-17.871595,-0.7545739,5.1550527,-23.384478,-1.8348402,-16.13704,-1.0940278,1.7485716,7.34278,-5.9395657,0.3901184652453271,1739.9625238536025,hungry
-89.92392,-27.727594,-67.939026,2.2535887,-21.353342,8.556004,-30.058245,9.41913,-14.37043,-8.642588,3.2211072,4.308552,-8.19127,0.435140734521028,1759.8171209271993,hungry
-283.52155,-44.180355,-37.799892,19.080584,-27.244535,11.017532,-20.23853,1.6556137,-9.941314,-0.58665043,-3.6587136,3.6993296,-12.147834,0.5353250949182243,2006.2026472106002,hungry
-370.88065,59.495876,-25.588524,3.7680683,-40.818394,8.836791,-18.415651,0.5767183,-16.252516,-6.1212096,-11.035621,-6.180219,-13.011039,0.20274974681712962,1155.1979994009662,hungry
-361.625,60.647247,-24.17489,12.01029,-30.574987,3.1325636,-18.958889,-6.769166,-20.406502,-3.882182,-8.184367,-8.367446,-22.25333,0.1646538130733945,1106.9004555678189,hungry
-236.48479,60.388645,-48.62498,-32.243446,-51.324497,3.0903268,-9.422607,-18.999407,-14.449082,-0.5803308,-0.3642055,-4.6500397,-18.390356,0.19715909090909092,1066.503166473597,hungry
-275.40408,73.129196,-35.930443,-37.35351,-57.834827,2.1409416,-7.084682,-11.253197,-21.122717,-7.1475263,-6.12576,-4.105076,-10.259646,0.17399680397727274,972.9329109921348,hungry
-342.07053,23.788145,-40.626854,-5.4053044,-20.729843,-23.728779,-3.6773021,-1.6437203,-26.425817,-1.9744562,-6.027346,-11.370549,-4.8159223,0.29780717329545453,1425.920737404816,hungry
-358.97824,42.275887,-39.168003,-9.134445,-20.318462,-31.488354,-13.678589,-8.109287,-17.071922,-0.6242837,-6.806546,-8.952826,-3.5171757,0.2317782315340909,1269.2108890150816,hungry
-207.11588,54.59527,-24.230553,1.1940705,-9.445102,-2.2910733,-16.87768,-21.206295,-26.442251,-10.265159,-11.033608,-12.988514,-18.492508,0.184130859375,1150.7609627509335,hungry
-341.3512,-15.43008,-68.94797,23.723568,-18.59671,-13.546965,-2.3409765,-2.7695732,-3.799053,-11.609072,-1.290479,-0.796107,-7.122081,0.3465945742545872,1600.9626479613,hungry
-147.50291,32.156445,-21.14231,11.721844,-16.302032,5.017297,-5.8292813,-12.406818,-12.997859,-18.033974,-14.752362,-5.1414495,-11.073138,0.2792036576704545,1401.8600319469974,hungry
-95.73764,-3.186378,-9.8208685,17.779205,-3.2839608,5.3392034,-11.387886,2.8062088,-18.784447,-8.13282,-6.8931837,-1.9814392,-4.779099,0.3762073863636364,1744.5067068940846,hungry
-255.20137,21.710318,-32.75095,-8.718519,-25.36233,3.1573274,-19.763798,-3.9931376,-13.3067665,-3.2042723,-12.620347,-2.0243373,-9.248992,0.3278413318452381,1424.6164424800438,hungry
-287.07257,-2.8476398,-40.569485,-11.788751,-23.237793,8.991431,-20.377277,3.8286898,-16.197123,4.058202,-18.477732,12.6371765,8.347243,0.36978853665865385,1693.2797462926208,hungry
-207.24515,17.758375,-23.574158,-11.048049,-49.219852,-14.62637,-16.008015,-7.8068113,-4.900811,-3.5471048,5.16853,-9.242658,-2.744259,0.29770821387614677,1504.4577210825069,hungry
-295.01447,60.084187,-26.67651,-8.177281,-30.049223,-15.652695,-12.253105,-10.863581,-6.6098547,-6.1207495,-1.5405866,-5.0672603,-6.469191,0.19696548881880735,1136.2047289877642,hungry
-257.6415,33.889362,-9.368993,-17.80682,-27.069101,-2.5073178,-27.097279,-16.635283,-18.261057,-11.33258,-14.585947,-2.014847,-7.4351273,0.24615589488636364,1431.271834342509,hungry
-349.4041,21.86358,-55.01545,-10.495442,-26.76677,3.8621018,-8.580983,-1.7716537,-14.27209,-3.0368726,1.166162,3.3538835,-5.317824,0.2586048054245283,1333.6228075494469,hungry
-359.56186,45.50424,-13.307989,-6.782111,-30.194328,7.4489126,-11.6496725,-3.5332441,-12.002851,-6.9990206,-15.091498,-4.4667063,-3.8087337,0.2482593677662037,1309.2658757130334,hungry
-285.12103,21.591581,-45.861042,-15.797493,-32.27817,18.528122,-10.14629,0.43639025,-9.267664,-10.175555,-8.908843,-2.1831207,0.57934016,0.25765123279816515,1404.0591458516567,hungry
-253.69708,47.829304,-10.929802,-16.75811,-40.83682,4.8233857,-11.575254,-18.221577,-10.076765,-4.332827,-18.297127,4.6257963,5.338896,0.16746702981651376,1128.1094792098627,hungry
-175.20941,41.251675,-13.890522,-15.016612,-23.461544,-4.3373885,-22.804276,-16.115128,-12.000638,-12.92603,-6.8576717,6.5785418,5.0938573,0.18255447247706422,1251.6367894308105,hungry
-108.64398,-3.1764104,-34.084087,-4.418446,-1.2292043,-1.6192837,-22.843193,1.9548864,-14.08457,-4.65427,-13.629617,5.202267,12.377861,0.30932173295454546,1632.8468671519977,hungry
-278.486,48.965424,-29.040758,-19.66752,-29.55066,1.7425568,-29.835869,-2.2979555,-28.352661,-8.09026,-13.970247,-0.16979703,-4.660494,0.2066017433449074,1240.8846087204963,hungry
-196.60733,17.551516,-23.278896,8.3409825e-05,-19.821468,11.240866,-35.308468,-1.3357011,-11.751061,-11.725642,-6.522502,-0.3385356,-2.1042275,0.3260967548076923,1562.638385380892,hungry
-248.90744,38.78581,-28.28888,2.6206224,-14.9220495,-9.734002,-18.84653,2.702428,-20.399221,-5.8406687,-14.549023,-8.279526,-8.163731,0.24495755709134615,1308.6462183700426,hungry
-178.46518,-2.8821464,-31.1564,2.908574,-26.01877,6.8724833,-16.794956,-14.047384,-12.69652,-10.450933,-9.9134865,7.1623983,-10.411769,0.3477313701923077,1671.128958312525,hungry
-261.7721,39.366222,-38.42662,-13.549281,-7.4063272,4.188422,-18.84186,-4.4024405,-13.187449,-10.501078,-10.013266,-3.479511,-7.396204,0.2664982722355769,1366.1073099884127,hungry
-185.30774,26.587791,-24.934908,-14.4564705,-24.866781,11.910363,-19.065977,-14.663438,-11.911379,-2.2048435,-8.792458,-1.5607864,-8.833591,0.2906303755733945,1505.1556972503236,hungry
-189.61224,55.024036,-60.8843,-6.6796627,-5.4841604,1.2391565,-7.561059,-5.8626585,-18.976185,-3.0797749,-14.096431,-8.6125965,-4.388543,0.1962890625,1131.0047367893278,hungry
-269.69022,42.602562,-25.763723,11.931282,-34.132828,-11.77867,-23.492716,0.25454658,-14.90099,-7.172068,-14.235807,-7.4812984,-6.0161347,0.1847873263888889,1135.110196841532,hungry
-289.14255,27.592083,-19.38084,-9.17607,-17.132856,-6.2858243,-7.446005,-8.667407,-14.937292,-11.169054,-12.643757,-6.7479086,-8.62253,0.3042125355113636,1447.9791480134036,hungry
-285.94257,42.23009,-24.848106,-7.6487746,-29.789537,-33.661163,-10.36384,-9.416376,-15.428583,3.5566845,-2.180964,11.0677395,4.854256,0.1497159090909091,1070.8363455505432,hungry
-226.20004,32.426613,-17.285643,-21.75898,-35.890095,-25.757706,-7.05108,-20.294165,-8.809355,4.736471,-10.4197645,11.160854,0.9026549,0.11480823863636364,997.4021517630882,hungry
-180.32446,54.620888,-31.75119,-2.5704935,-20.92394,-6.9121556,-14.835545,-15.133004,-22.904985,-9.423037,-12.785192,-1.0789534,0.10586208,0.20231711647727274,1217.2159713268084,hungry
-206.47525,69.08714,-24.282562,-1.4962138,-21.026447,-11.253753,-19.990112,-16.188046,-19.206032,-11.866158,-9.843912,-6.9781995,-6.930217,0.1927556818181818,1091.2786351176235,hungry
-157.5522,19.386917,-15.70987,5.2043953,-27.297266,-4.5775785,-0.4741207,-12.860543,-12.657949,-8.184395,-2.5419247,-2.5254095,-9.905312,0.3276944247159091,1554.1579371344505,hungry
-154.43283,11.231324,-13.449755,9.656164,-20.805231,-3.6443393,-7.4197106,-11.647964,-15.410446,1.8504966,-2.5246565,3.963713,-13.367049,0.29578746448863635,1594.173037064558,hungry
-219.9031,46.72699,-19.273785,1.3063872,-21.22152,-7.750461,-16.135563,-13.06906,-19.661278,-8.291515,-14.007254,-10.374464,-18.667425,0.1932439630681818,1261.5847836648077,hungry
-200.40073,20.583311,-46.98848,-19.826174,-22.34786,8.649548,-12.977285,-13.566065,-18.708792,-17.062214,-13.851999,0.42666063,14.563574,0.2098721590909091,1297.7752024743213,hungry
-173.44118,23.665503,-61.241863,-33.852283,-26.918703,4.88922,-4.8969383,-12.387005,-17.103502,-12.936739,-8.862977,-8.275563,15.71486,0.2380859375,1268.5841033039576,hungry
-129.6301,2.8355927,-49.561386,-15.420924,-19.607786,4.584234,-9.819338,-13.012425,-10.614129,-6.8228316,-11.114848,5.6096425,15.70041,0.2943670099431818,1518.868704782185,hungry
-330.08664,8.744393,-7.3611956,-14.863268,-18.279541,-0.26179442,-8.642309,-5.507693,-9.384099,-3.386134,2.6995344,1.9688168,-8.428695,0.34081587357954546,1656.9188562134962,hungry
-295.1944,47.38523,-39.97949,-15.927568,-23.409784,11.029743,-18.29437,-13.16654,-12.040445,-8.617359,-8.731821,-7.7937765,-1.4929298,0.2514384501689189,1336.9888232117466,hungry
-114.13774,-24.714478,-34.371407,5.0915937,-17.147593,20.61683,-5.9773383,-14.352065,-3.5301363,4.3879786,0.25751063,2.9629486,-12.424394,0.3897061434659091,1807.138514864545,hungry
-125.100716,-3.5983393,-38.301212,2.0630972,-16.389978,0.26474828,-2.1743362,-15.302411,-9.320941,3.9316654,-3.2552383,8.563742,-4.6377034,0.3416193181818182,1689.7725236088127,hungry
-201.06683,58.059914,-27.68771,-3.924212,-35.15244,-1.957298,-26.431948,10.179067,6.224678,1.7110914,-18.906597,-19.180262,-8.262192,0.1747643706995413,1116.7870620415931,hungry
-343.58673,100.63929,16.605309,6.7358646,-22.366282,-9.332508,-14.906903,-13.707992,-8.599104,-4.2558813,-5.5966187,-8.3281765,-11.277669,0.082275390625,632.5997538761234,hungry
-301.89185,35.620243,-31.181065,17.712805,-13.807454,-14.482343,-20.997465,7.213251,-11.046922,2.2678435,-9.962458,-13.21507,-13.692915,0.21057581018518517,1196.2050873329551,hungry
-232.56859,54.185314,-22.277018,-5.296642,-21.087494,-2.2962608,-13.707886,-9.108395,-13.498256,-15.985335,-18.927263,-19.552101,-16.01809,0.18182262073863636,1152.163058854107,hungry
-150.36386,30.2236,-3.7513127,16.648779,-5.5117435,-7.347704,-13.304902,-9.960065,-22.35407,-10.409048,-16.357613,-8.513063,-1.8060077,0.2354669744318182,1336.7384997986762,hungry
-188.44498,37.591064,-31.285099,-3.0806913,-13.648065,-3.3829362,-17.857967,-9.217225,-20.01903,-14.515471,-13.333706,-9.092234,-9.453003,0.25783025568181817,1299.7686568814536,hungry
-78.65793,-15.432876,-15.252157,1.4002098,-4.9971156,-8.173572,1.7345315,-5.401608,-13.066015,-3.1585162,-11.705566,11.836672,7.7830195,0.34689719460227275,1827.5042541956439,hungry
-258.2344,33.812786,-88.59309,-34.619324,-18.699549,4.69841,-9.69123,-11.606606,-1.8331463,10.843144,5.9884467,2.7261913,-11.529898,0.22824845224056603,1106.6410115981869,hungry
-290.35434,18.578432,-59.3922,-12.385708,-27.878819,20.110537,-20.034025,-4.923243,-13.517807,-0.6094462,3.4675457,6.72495,-2.047244,0.22526809404481132,1315.7645183170537,hungry
-303.32452,30.390547,-21.285498,-1.5240098,-23.507116,-35.27773,-15.59379,-12.211845,-2.75011,7.2208724,4.405051,-4.5789175,-8.380762,0.20336026278409092,1183.5998888873319,hungry
-319.7719,36.921246,-11.893105,-5.0276327,-28.009245,-31.907772,-30.928116,-18.56847,-14.611683,6.6630845,7.239923,4.150192,-1.3168613,0.1538973721590909,913.1959402954888,hungry
-246.9109,67.53845,-37.204376,-20.436556,-41.747334,-28.325787,-11.920885,-14.536533,-11.537712,-17.49368,-14.621421,-3.3584785,0.1117888,0.15593039772727274,979.3809553546743,hungry
-212.3777,55.996174,-36.740913,-22.239403,-37.29194,-24.696033,-4.2246842,-18.294497,-7.6417556,-14.374063,-14.576018,3.2395904,5.1421156,0.17726828835227273,1117.070366602064,hungry
-183.22221,37.09835,-43.09932,-18.757578,-32.684177,-16.359821,-4.5383244,-12.827963,-16.631624,-15.558677,-7.619158,5.028351,9.158359,0.19092240767045454,1209.3561228350882,hungry
-240.34924,51.19982,-29.55825,-14.567862,-39.17692,-18.706099,-5.853694,-21.106878,-17.89274,-14.247945,-16.41882,10.029686,7.6305466,0.19609818892045455,1117.3298887454744,hungry
-174.31894,37.101463,-34.74487,-31.38985,-34.07286,4.759902,-4.1561475,-4.506362,-11.348662,-7.346266,4.442483,-1.67584,-7.2996106,0.20881569602272726,1255.4995192265192,hungry
-583.99457,116.756935,12.730278,-8.579477,12.67695,6.1081758,-3.6296566,7.615932,8.807988,-4.4795394,-4.4654965,2.8869894,-1.46413,0.026914356940954773,1304.2281952159353,lonely
-688.6112,196.51457,-7.4640136,-20.74699,41.552887,20.466793,-10.159421,9.920345,11.077048,-11.7723465,-3.9207995,9.729271,-4.197333,0.025687519629396985,1232.5149543518987,lonely
-325.9361,176.02574,-20.574167,-42.28731,23.414835,12.499104,-25.965548,-8.607582,13.495669,-1.4085121,-10.646175,-0.012397969,0.5600029,0.04517822265625,1276.2251554402935,lonely
-286.40234,201.6871,-28.984453,-35.13309,41.8179,10.8740425,-31.998682,-0.37631348,18.21992,-5.8106227,-8.96572,4.0627375,-1.6174874,0.05575764973958333,1357.447769023844,lonely
-792.953,146.25624,-14.139841,-24.016485,22.216362,3.9636018,-19.309635,3.037879,9.275906,-10.981273,-9.364358,3.1762059,-3.2303762,0.045807732476128474,2779.6731360879494,lonely
-797.7019,139.23605,-32.277393,-42.109818,12.83181,-5.6561127,-30.66404,-2.6798487,11.058514,-8.372703,-7.0734463,8.350742,1.8098654,0.05647616916232639,2583.3392543940477,lonely
-671.8754,143.77528,-18.89892,-41.268707,-1.1587838,-15.813766,-30.315302,-0.7280979,9.609639,-11.275409,-10.372758,3.5075119,-5.134225,0.04697115127354452,2048.8316295441714,lonely
-635.4656,96.60361,18.090063,-7.0296245,7.8771634,10.32526,0.2093705,-1.1072534,0.34207657,-3.511635,-4.682818,-2.6285598,-4.172036,0.027464384191176472,2327.978291100926,lonely
-605.8347,83.758194,12.499467,-1.6568989,13.983707,6.2750163,-7.5831723,-1.8078325,3.6049452,-3.7969573,-6.6870284,-2.7382207,-4.799164,0.039154459635416666,1906.8458154935433,lonely
-471.95944,69.3394,-17.625818,-27.422709,-0.5618471,-5.9003406,-17.967552,-5.6879516,2.4371047,-6.5713077,-8.050913,-0.46892223,-0.9612278,0.07312811843487395,1948.1109483986327,lonely
-574.445,108.72024,5.6935415,-32.330936,-15.015528,-4.28046,-7.960825,-8.591348,-9.595037,-12.298751,-9.0751095,-4.9431596,-5.6573143,0.04195638020833333,1612.7016730283399,lonely
-551.8657,132.65536,-10.9150095,-11.654976,29.175768,0.028543973,-22.229282,3.7633727,7.1019835,-15.177595,-11.013294,0.40405166,-9.353323,0.04995474070805648,1584.7548475411577,scared
-459.53125,133.56581,-9.063404,-30.65644,11.088602,5.57002,-14.763402,-1.3246908,5.627095,-13.017617,-17.088406,-2.5408053,-0.96911687,0.051019109133790735,1418.227949928609,scared
-336.76346,169.32741,-98.096245,-68.48059,46.96004,4.1808887,-48.08241,0.06359926,20.878708,-17.42463,-21.495502,1.3091528,1.8295957,0.10394660794005102,2250.279167098488,scared
-329.83368,180.9053,-84.84666,-65.595024,34.820377,-4.9260945,-38.141743,15.077966,20.431238,-26.843058,-22.574268,6.895768,1.4647989,0.0949233697385204,2085.787751930549,scared
-440.2841,118.91279,33.03983,5.463909,11.062937,0.5031499,-8.5493,-0.90894943,-1.0808372,-11.127728,-10.370433,-6.626332,-14.214953,0.021692101430084747,866.2041913826617,scared
-359.4839,19.461477,3.6009903,2.6554673,5.7823687,-1.8596581,-6.459852,-1.3564467,-0.54508734,-5.7588553,-6.1632137,-3.5365112,-4.7907066,0.33438667981727577,9328.859430484685,scared
-333.02557,42.661266,1.3934243,-9.523886,1.1808267,0.53281265,-5.420866,-1.7131712,0.52641845,-6.8674707,-10.49999,-4.893098,-1.2655724,0.31918099405017153,8595.508805281086,scared
-242.97359,84.37026,-67.20958,-51.028694,26.536371,7.567122,-33.09796,-7.221058,16.802277,-7.390581,-21.495651,-3.6306555,7.2803864,0.1554851921237245,4425.745030643503,scared
-232.83833,98.66202,-55.638454,-49.049507,15.477105,-1.2554773,-24.715466,6.211786,15.502958,-17.302221,-21.979013,2.696074,5.7828145,0.18169211043792516,4781.74172442482,scared
-331.37955,55.23601,27.81628,12.145143,7.6927037,1.0600294,-3.0143108,-1.705674,-3.2531075,-7.69374,-7.7693515,-7.181689,-11.675581,0.20030372748940678,6812.426879398826,scared
-551.8657,132.65536,-10.9150095,-11.654976,29.175768,0.028543973,-22.229282,3.7633727,7.1019835,-15.177595,-11.013294,0.40405166,-9.353323,0.04995474070805648,1584.7548475411577,scared
-459.53125,133.56581,-9.063404,-30.65644,11.088602,5.57002,-14.763402,-1.3246908,5.627095,-13.017617,-17.088406,-2.5408053,-0.96911687,0.051019109133790735,1418.227949928609,scared
-336.76346,169.32741,-98.096245,-68.48059,46.96004,4.1808887,-48.08241,0.06359926,20.878708,-17.42463,-21.495502,1.3091528,1.8295957,0.10394660794005102,2250.279167098488,scared
-329.83368,180.9053,-84.84666,-65.595024,34.820377,-4.9260945,-38.141743,15.077966,20.431238,-26.843058,-22.574268,6.895768,1.4647989,0.0949233697385204,2085.787751930549,scared
-440.2841,118.91279,33.03983,5.463909,11.062937,0.5031499,-8.5493,-0.90894943,-1.0808372,-11.127728,-10.370433,-6.626332,-14.214953,0.021692101430084747,866.2041913826617,scared
-583.7134,124.44317,-9.547589,-10.156117,27.974373,0.46975768,-20.829777,3.2565982,6.4793096,-14.532516,-10.88469,0.055688016,-8.727885,0.055072678037848606,1842.5772075385553,scared
-483.3805,118.87711,-6.541435,-27.626078,8.285638,4.7207847,-12.897986,-1.9903442,3.9750457,-12.5019,-16.61017,-3.234239,-0.6198415,0.05361381708676269,1554.694599519112,scared
-357.57266,154.42493,-94.01589,-66.95417,42.575962,4.5267167,-46.08081,-1.4627526,20.64026,-15.934894,-22.477564,0.32792836,2.9641163,0.10540563881802721,2266.0667320344514,scared
-351.29797,168.59492,-82.311554,-64.63186,31.715578,-4.3676434,-36.535446,14.054961,20.390093,-25.873203,-23.420631,6.4014006,2.4376388,0.09540882759353742,2117.7718544353525,scared
-474.79852,115.40464,32.428005,5.647637,10.577998,-0.07222494,-8.766076,-1.2366598,-1.6219144,-11.382617,-10.212574,-6.4726496,-14.261569,0.022384188685636856,989.2234644551646,scared
-123.39475,-7.680766,-45.79655,-14.83053,-35.80921,-6.582898,-14.554727,5.8630204,-17.312841,-2.7078047,9.8974495,16.990097,-2.4687345,0.30143821022727274,1602.7982883235884,tired
-376.6588,7.211593,-41.922016,-9.278086,-33.272266,-1.9660065,-11.632721,-2.8243425,-15.101895,0.53677446,-1.5673065,4.3647585,2.6586912,0.32238188244047616,1578.7298724693908,tired
-382.3205,36.94553,-46.820297,-1.5562861,-34.90359,6.155937,-14.197092,-6.0047946,-15.374979,-4.293144,2.2974484,8.407511,-0.8889206,0.2539667038690476,1334.1000305413122,tired
-334.9871,38.420303,-21.979568,7.984704,-24.555037,-1.1207647,-18.437057,-9.337017,-26.078405,-8.989752,-5.470839,3.802764,-2.4196317,0.24175666360294118,1310.8970674541195,tired
-217.48274,15.069839,-17.407988,-11.459912,-6.557859,2.3200476,-2.487232,-2.689957,-19.658035,-1.6195883,-16.334658,-8.144037,-11.237908,0.255517578125,1604.6226251466076,tired
-335.84097,55.376553,-22.73488,-12.673889,-11.152647,0.42498842,-14.749121,-18.425692,-20.410563,-14.131044,-15.214211,-8.243156,-8.33712,0.15945046164772728,1137.5471249746497,tired
-266.75018,70.539055,-39.419975,-7.5187073,-27.414032,-22.147655,-18.707157,-12.12457,-14.172522,-8.036514,-16.19271,-8.900593,-10.753066,0.1851873224431818,1041.9731601843432,tired
-237.16797,-3.8104959,-17.351744,-3.2794297,-12.607364,1.7762314,-19.177183,-15.476617,-7.1554775,-4.1867843,-4.115215,1.4143246,-6.4058266,0.34026988636363636,1721.3318831813147,tired
-219.3648,8.026293,-19.170185,-10.739669,-22.325003,-12.839316,-21.13891,-11.108764,-8.000587,3.5170107,-2.6774278,2.4470296,-7.1741376,0.3258922230113636,1620.8540856784775,tired
-212.31558,18.429935,-11.189399,-15.864431,-22.501293,-21.265863,-18.031462,-10.299426,-15.382654,-2.454841,-6.55169,3.9201205,-2.0125437,0.25875799005681815,1512.5955216777302,tired
-213.39009,31.444983,-18.776356,9.784419,-28.50349,1.7925485,-15.803759,-10.343147,-11.039598,-15.015869,-10.870308,-4.302747,1.540786,0.27918590198863635,1374.835758457815,tired
-177.11003,9.035918,-21.133577,10.30474,-27.422047,13.3855,-17.642048,-8.421091,-17.098246,-13.700969,-4.7757287,3.9131703,12.167346,0.31807528409090907,1536.3501217434446,tired
-105.41683,85.75628,-22.089481,-34.409203,-39.69862,-25.672947,-13.791658,-14.065557,-13.336783,-0.066290006,-11.438233,1.3911986,8.030729,0.15470004300458715,872.9741930064401,tired
-182.72592,46.68269,-28.993204,-22.3893,-16.962288,-21.956253,-27.919773,-15.458325,-23.736843,-9.286158,-8.652899,-9.360519,-6.5641756,0.22395685369318183,1231.5796337410861,tired
-172.13979,38.228424,-45.62752,-25.32848,-17.614594,-13.040697,-19.333784,-11.961715,-22.848028,-9.644369,-5.4579835,2.3817315,-0.9555451,0.22796519886363636,1279.3938889866672,tired
-362.54645,76.160034,16.113657,-10.792534,-42.461147,-27.224783,-31.033613,-26.269297,-18.113113,-12.047329,-5.296942,-1.3846714,-13.648266,0.2019930752840909,967.9876664979259,tired
-321.91562,29.000925,-26.98389,-8.421237,-43.784706,6.9838014,-13.338814,-17.937025,-3.0711963,4.0445604,13.87701,10.864931,-11.122515,0.23251400353773585,1250.8279548771789,tired
-513.8734,232.00298,-24.446878,-28.440092,53.153687,11.759084,-34.50951,3.8882325,20.723814,-7.529912,-5.1430483,11.72366,2.2481039,0.04327880859375,1225.990758836337,tired
-523.1495,230.25891,-12.4945965,-20.305202,53.148594,11.967215,-32.600636,6.1939044,24.538614,-5.3967,-6.8712597,11.119338,4.3812013,0.03182564929974916,1066.4603844557498,tired
-476.77017,209.74352,-18.646704,-24.553581,48.45539,12.502975,-30.224253,5.713616,24.306023,-5.1527104,-10.594536,5.68996,2.8288121,0.048597048756270904,1259.2566292967808,tired
-229.12727,45.913906,-4.000342,-2.1056285,-17.76285,20.44995,-19.999462,8.834707,-7.482495,-8.917845,-8.77272,-18.178394,-7.509948,0.2210883744266055,1303.8723361787006,tired
-611.02924,129.78116,30.245792,0.28207526,15.681847,11.845843,-0.8226253,2.222141,2.4145806,-8.876675,-13.0545225,-9.438854,-10.015528,0.02008087311557789,1133.170530828946,tired
-413.25275,12.133255,-13.676054,4.7331805,-30.3689,-8.766409,-14.7798395,-7.560968,-10.912027,-9.228598,-7.3636403,-5.898825,-7.4512978,0.3362393465909091,1597.294507709409,tired
-457.82492,-2.3358395,-21.825369,20.692574,-26.662296,0.6471645,-13.559839,0.2075509,-17.468168,2.3901937,-9.500249,-6.2060037,-5.9445057,0.36360224971064814,1725.1980064479872,tired
-299.7658,-22.056196,-54.869995,-10.684994,-13.612977,14.929639,-4.8683667,-1.0047013,-11.420479,-1.6435641,-0.55270886,8.838274,-1.5352062,0.37799357476635514,1703.3625665462775,tired
-212.82039,-33.9803,-79.00461,-15.763537,-4.9735293,-6.165211,1.7277554,0.5491626,-12.404664,0.2360825,-12.642755,2.8310745,2.6246073,0.37298298773364486,1657.9660531855232,tired
-181.16437,-24.079266,-38.59076,-25.037159,-30.607862,17.291739,-27.9212,5.801511,-8.344738,-8.016689,-7.9823995,2.515631,-3.9225497,0.4545715902453271,1875.9375785900288,tired
-518.13745,55.82258,19.839031,15.108027,2.407247,-0.58493686,-4.911596,1.5381002,-12.058677,0.653662,-11.480127,-2.3207884,-11.939948,0.1299231293004587,1152.2223174156782,tired
